customer_id,age,gender,city,signup_date,last_active_date,plan_type,monthly_fee,tenure_months,support_tickets,avg_session_time,discount_percent,marketing_channel,churned,total_revenue
10001,56,Female,Chennai,12/3/2022,12/29/2022,Basic,1214,25,5,15.75,15,Referral,Yes,30167.9
10002,46,Female,Mumbai,3/24/2021,1/25/2022,Premium,1268,22,1,37.16,20,Organic,Yes,27642.4
10003,32,Female,Mumbai,6/15/2023,8/10/2023,Basic,783,4,0,41.93,5,Referral,No,3092.85
10004,60,Male,Delhi,11/13/2022,7/8/2021,Standard,545,4,1,116.41,0,Organic,No,2180
10005,25,Female,Mumbai,2/17/2022,6/25/2021,Basic,1331,30,1,81.89,10,Ads,No,39796.9
10006,38,Male,Delhi,6/16/2021,7/15/2022,Standard,451,2,0,53.99,15,Email,No,834.35
10007,56,Male,Hyderabad,12/1/2022,9/4/2022,Basic,510,29,4,118.63,0,Referral,Yes,14790
10008,36,Female,Chennai,6/18/2021,12/23/2022,Basic,666,21,1,22.62,15,Organic,No,13886.1
10009,40,Male,Bangalore,3/12/2023,7/22/2022,Basic,1243,21,2,59.75,15,Organic,Yes,25916.55
10010,28,Male,Chennai,8/17/2021,5/23/2022,Basic,385,21,4,79.41,15,Email,No,8027.25
10011,28,Female,Delhi,9/1/2022,6/18/2022,Basic,1378,4,2,11.39,20,Email,No,5236.4
10012,41,Male,Delhi,1/2/2022,8/18/2023,Standard,745,1,4,87.45,20,Email,No,596
10013,53,Male,Chennai,6/12/2022,11/5/2021,Basic,919,26,2,16.48,15,Referral,No,23756.15
10014,57,Female,Pune,3/2/2023,12/21/2022,Basic,603,2,4,21.13,15,Organic,No,1115.55
10015,41,Female,Delhi,10/9/2022,8/7/2022,Standard,431,9,4,23.36,10,Referral,No,3835.9
10016,20,Female,Mumbai,6/22/2022,7/18/2021,Standard,1203,18,3,111.82,0,Referral,Yes,21654
10017,39,Male,Mumbai,5/14/2023,4/24/2022,Premium,1287,11,3,83.57,0,Ads,No,14157
10018,19,Male,Delhi,6/8/2022,8/7/2022,Standard,346,25,1,80.37,5,Email,No,8632.7
10019,41,Male,Delhi,3/13/2021,8/5/2022,Standard,1056,26,1,68.88,5,Ads,No,27403.2
10020,61,Male,Pune,10/7/2022,7/26/2021,Standard,989,35,3,38.67,5,Ads,No,34565.55
10021,47,Female,Mumbai,4/16/2021,12/29/2022,Premium,1347,3,2,76.4,20,Referral,No,3771.6
10022,55,Male,Delhi,1/2/2023,2/23/2022,Premium,986,35,3,52.17,20,Referral,Yes,34312.8
10023,19,Male,Delhi,6/4/2023,8/8/2021,Basic,1085,22,1,21.72,,Organic,No,23761.5
10024,38,Female,Pune,11/20/2022,5/29/2023,Basic,639,8,2,84.3,20,Ads,No,4984.2
10025,50,Female,Pune,10/9/2021,1/22/2023,Basic,711,15,2,19.9,5,Email,No,10629.45
10026,29,Female,Chennai,5/13/2021,8/23/2022,Standard,585,7,2,26.93,15,Ads,No,4007.25
10027,39,Male,Pune,6/18/2022,8/2/2023,Standard,1409,19,1,99.04,5,Organic,No,26700.55
10028,61,Male,Bangalore,9/26/2021,2/12/2022,Standard,1149,17,2,80.91,10,Ads,No,19418.1
10029,42,Male,Mumbai,2/16/2022,4/3/2023,Basic,729,1,2,77.56,15,Ads,No,619.65
10030,,Male,Chennai,11/4/2022,10/3/2022,Standard,330,29,1,53.09,20,Ads,No,9504
10031,59,Female,Bangalore,9/11/2022,6/16/2023,Premium,902,13,2,,15,Organic,No,11590.7
10032,45,Female,Delhi,3/2/2023,3/5/2023,Basic,739,29,4,84.38,10,Ads,No,21357.1
10033,33,Female,Delhi,5/15/2023,7/19/2021,Standard,1284,6,3,90.1,20,Referral,Yes,7447.2
10034,32,Female,Chennai,1/17/2023,3/21/2023,Basic,711,5,0,63.67,0,Ads,Yes,3555
10035,64,Male,Pune,1/18/2021,4/12/2022,Premium,827,34,4,116.47,,Referral,No,28076.65
10036,61,Female,Delhi,1/24/2023,7/18/2022,Premium,609,11,2,114.91,5,Ads,Yes,6668.55
10037,20,Male,Hyderabad,4/27/2021,8/8/2022,Standard,1248,9,2,52.43,10,Referral,No,11107.2
10038,54,Female,Chennai,3/9/2023,6/2/2021,Standard,973,9,2,99.37,10,Ads,No,8659.7
10039,24,Female,Bangalore,3/5/2023,9/19/2023,Premium,736,8,3,67.48,5,Email,No,5851.2
10040,38,Male,Chennai,5/24/2021,10/23/2021,Standard,1003,3,0,63.85,15,Referral,No,2858.55
10041,26,Male,Mumbai,12/18/2022,6/1/2022,Basic,962,13,1,11.32,0,Email,No,12506
10042,56,Other,Pune,7/5/2022,7/25/2022,Standard,664,19,1,71.01,0,Referral,Yes,12616
10043,35,Male,Pune,10/28/2022,12/25/2022,Basic,1222,34,1,108.57,10,Ads,No,41425.8
10044,21,Male,Chennai,11/19/2022,7/25/2023,Basic,412,32,2,94.72,10,Organic,No,13142.8
10045,42,Male,Delhi,1/23/2023,12/13/2022,Premium,475,16,1,95.43,15,Ads,No,7528.75
10046,31,Female,Delhi,2/26/2022,9/22/2023,Standard,1472,18,1,23.39,10,Organic,No,26348.8
10047,26,Female,Hyderabad,6/17/2023,8/18/2022,Basic,1235,14,1,46.22,,Email,Yes,17290
10048,43,Female,Hyderabad,1/4/2022,8/8/2022,Basic,681,30,3,31.82,5,Organic,No,20395.95
10049,,Male,Pune,10/8/2022,3/5/2023,Basic,605,2,0,41.33,0,Organic,No,1210
10050,37,Female,Hyderabad,7/12/2022,12/7/2022,Basic,901,13,1,71.65,15,Organic,No,11577.85
10051,45,Male,Bangalore,2/19/2021,7/27/2021,Basic,642,27,1,46.95,5,Organic,No,17301.9
10052,64,Female,Hyderabad,11/9/2022,12/14/2022,Standard,455,17,3,69.48,5,Email,No,7712.25
10053,24,Female,Bangalore,4/16/2021,11/25/2021,Basic,1011,31,4,55.43,0,Organic,No,31341
10054,61,Male,,8/4/2021,3/20/2022,Standard,1378,15,1,37.96,5,Ads,No,20601.1
10055,25,Male,Pune,10/20/2022,7/16/2021,Basic,702,20,2,15.97,5,Referral,No,14004.9
10056,64,Male,Pune,3/1/2022,11/17/2021,Premium,913,5,4,107.56,10,Referral,No,4473.7
10057,52,Male,Bangalore,3/13/2021,2/26/2022,Basic,1096,7,2,6.31,5,Ads,No,7617.2
10058,31,Male,Chennai,4/22/2023,7/22/2022,Basic,922,18,0,5.19,15,Email,No,16457.7
10059,34,Female,Pune,2/24/2023,9/26/2023,Basic,902,11,0,100.08,5,Ads,Yes,9876.9
10060,53,Female,Chennai,1/29/2023,10/17/2021,Standard,476,32,2,119.63,10,Ads,No,15184.4
10061,57,Male,Delhi,3/22/2022,2/2/2022,Standard,748,27,4,88.62,20,Organic,Yes,20046.4
10062,21,Male,Bangalore,7/5/2021,10/26/2021,Basic,1042,26,0,6.76,20,Organic,No,26883.6
10063,19,Male,Pune,3/11/2021,1/16/2022,Basic,600,28,0,31.07,15,Email,Yes,16710
10064,23,Female,Mumbai,5/30/2021,8/1/2023,Basic,1006,2,0,116.76,15,Email,No,1861.1
10065,59,Male,Delhi,9/3/2021,2/27/2023,Standard,606,20,2,97.99,5,Referral,No,12089.7
10066,21,Female,Chennai,2/13/2023,5/5/2023,Standard,1050,4,1,70.18,5,Email,No,4147.5
10067,46,Female,Pune,6/22/2022,6/9/2022,Basic,1168,13,3,32.24,20,Ads,No,14950.4
10068,35,Female,Bangalore,10/14/2022,8/19/2021,Basic,513,24,1,6.65,20,Referral,No,12209.4
10069,43,Female,Hyderabad,4/9/2021,1/27/2023,Basic,782,29,3,7.4,0,Referral,No,22678
10070,61,Male,Mumbai,10/5/2021,6/8/2023,Basic,1390,2,2,75.38,20,Organic,No,2502
10071,51,Female,Chennai,7/17/2022,8/4/2021,Standard,432,18,1,7.51,20,Organic,No,7689.6
10072,27,Male,Delhi,10/25/2022,8/27/2021,Basic,811,8,2,119.27,15,Referral,No,6366.35
10073,53,Male,Bangalore,3/31/2022,8/27/2021,Basic,510,15,2,26.09,0,Organic,No,7650
10074,31,Female,Mumbai,4/14/2021,5/14/2023,Basic,1287,17,1,86.73,0,Organic,No,21879
10075,48,Female,Bangalore,8/24/2022,5/27/2023,Premium,1286,23,3,22.83,5,Organic,Yes,29513.7
10076,32,Female,Pune,10/15/2022,12/21/2021,Premium,1016,2,1,67.11,5,Referral,No,1981.2
10077,25,Male,Hyderabad,12/26/2022,6/17/2022,Basic,552,6,1,14.27,0,Referral,No,3312
10078,31,Male,Delhi,8/21/2021,1/22/2023,Basic,337,29,1,93.18,0,Referral,No,9773
10079,40,Female,Bangalore,1/29/2022,9/19/2022,Basic,1366,27,0,72.27,5,Ads,No,36813.7
10080,57,Male,Chennai,5/16/2022,12/25/2022,Standard,928,34,2,14.91,,Referral,No,31412.8
10081,38,Female,Pune,11/26/2022,7/23/2023,Basic,1286,18,2,102.59,15,Organic,Yes,22955.1
10082,33,Female,Pune,9/8/2021,1/27/2023,Standard,345,10,1,67.91,15,Referral,Yes,3398.25
10083,62,Female,Delhi,6/5/2022,8/28/2023,Standard,604,17,2,110.98,15,Ads,No,10177.4
10084,35,Male,Pune,3/20/2021,11/21/2022,Premium,532,13,0,110.41,5,Organic,No,6889.4
10085,64,Male,Chennai,2/21/2021,12/31/2021,Basic,544,27,3,110.86,10,Email,Yes,14633.6
10086,41,Male,Bangalore,6/17/2023,8/13/2021,Premium,1059,2,2,13.95,20,Referral,No,1906.2
10087,43,Female,,2/20/2023,7/31/2021,Standard,1138,34,1,18.91,20,Referral,No,38464.4
10088,42,Male,Pune,8/14/2021,4/29/2023,Basic,457,31,3,,20,Email,No,14075.6
10089,62,Female,Pune,2/20/2021,11/25/2022,Basic,1324,23,1,61.07,20,Organic,No,30187.2
10090,58,Male,Chennai,7/5/2021,1/5/2022,Basic,516,7,2,32.39,5,Referral,No,3586.2
10091,46,Other,Hyderabad,2/3/2021,6/12/2021,Basic,1227,33,2,93.51,10,Ads,No,40368.3
10092,32,Male,Hyderabad,3/14/2023,8/23/2023,Basic,806,12,0,35.39,5,Organic,No,9631.7
10093,62,Male,Pune,1/12/2023,7/20/2022,Standard,1060,12,6,88.63,10,Referral,No,12614
10094,18,Male,Bangalore,5/11/2021,7/2/2021,Basic,1203,19,2,101.29,5,Organic,No,22796.85
10095,42,Female,Delhi,9/24/2022,11/7/2021,Premium,880,9,0,95.19,0,Referral,Yes,7920
10096,24,Female,Pune,3/19/2022,1/23/2022,Basic,1353,10,3,36.52,10,Email,No,13394.7
10097,26,Female,Mumbai,4/18/2023,6/9/2023,Premium,926,17,1,51.19,20,Referral,No,15556.8
10098,41,Male,Delhi,1/29/2023,11/28/2021,Basic,819,10,1,52.52,10,Organic,No,8108.1
10099,18,Male,Hyderabad,3/8/2022,9/7/2023,Standard,574,12,2,61.5,15,Referral,No,6801.9
10100,61,Female,Pune,12/5/2022,12/10/2022,Basic,791,15,2,24.25,10,Referral,No,11785.9
10101,25,Male,Chennai,5/12/2022,5/7/2022,Basic,1126,31,1,57.03,15,Organic,No,34737.1
10102,41,Male,Mumbai,2/7/2022,9/1/2022,Premium,1250,15,3,63.74,15,Referral,No,18562.5
10103,28,Other,Pune,11/19/2021,8/19/2021,Basic,1225,28,0,66.15,0,Referral,No,34300
10104,34,Other,Bangalore,7/29/2021,3/9/2023,Standard,1146,4,4,99.29,10,Organic,Yes,4469.4
10105,25,Female,Mumbai,9/7/2022,7/12/2023,Standard,1359,1,0,64.49,0,Email,No,1359
10106,52,Female,Pune,11/25/2021,8/29/2023,Standard,1367,34,4,31.54,20,Ads,No,46204.6
10107,52,Male,Bangalore,1/7/2022,6/29/2023,Standard,1478,17,0,81.26,10,Ads,No,24978.2
10108,50,Male,Mumbai,4/5/2022,9/16/2022,Standard,1400,33,0,96.69,5,Ads,No,46130
10109,22,Female,Bangalore,5/13/2021,4/2/2023,Basic,338,21,1,41.73,5,Ads,Yes,7081.1
10110,59,Female,Bangalore,4/15/2023,5/16/2023,Standard,538,26,2,79.21,5,Ads,No,13961.1
10111,56,Male,Mumbai,10/13/2022,9/20/2021,Premium,1336,5,2,21.9,15,Ads,No,6479.6
10112,58,Male,Mumbai,5/1/2021,3/19/2022,Basic,421,33,3,44.32,5,Organic,Yes,13871.95
10113,45,Male,Bangalore,8/29/2022,8/31/2023,Basic,443,1,3,109.56,20,Organic,Yes,354.4
10114,24,Female,Hyderabad,3/28/2022,2/21/2023,Standard,983,6,3,109.8,10,Organic,No,5799.7
10115,26,Female,Mumbai,5/9/2021,6/18/2022,Basic,754,2,0,71.16,10,Referral,No,1432.6
10116,25,Female,Pune,4/1/2021,6/17/2021,Basic,667,5,1,85.77,15,Email,No,3234.95
10117,29,Male,Delhi,8/27/2022,10/6/2022,Basic,1058,26,1,103.21,15,Email,No,27349.3
10118,51,Other,Chennai,7/29/2022,4/27/2022,Standard,546,13,1,115.23,,Ads,No,7016.1
10119,50,Female,Bangalore,1/29/2021,6/9/2023,Basic,1222,12,1,61.34,20,Ads,No,14419.6
10120,40,Male,Bangalore,12/23/2022,10/21/2023,Standard,1368,5,1,69.58,10,Organic,No,6703.2
10121,41,Male,Chennai,6/8/2022,9/29/2022,Standard,1064,2,3,52.8,0,Email,No,2128
10122,54,Male,Hyderabad,11/29/2021,7/11/2022,Basic,674,4,2,13.28,15,Referral,No,2594.9
10123,,Male,Chennai,10/24/2021,9/25/2021,Standard,506,27,5,53.62,5,Referral,No,13636.7
10124,61,Female,Mumbai,5/10/2021,12/7/2022,Premium,818,10,1,,0,Organic,No,8180
10125,57,Male,,10/20/2021,10/28/2023,Standard,541,13,2,97.56,0,Ads,No,7033
10126,39,Female,,6/22/2021,9/23/2021,Premium,1437,2,1,107.62,15,Email,Yes,2658.45
10127,44,Male,Chennai,12/21/2022,8/4/2023,Basic,1118,26,0,10.92,5,Referral,Yes,29012.1
10128,52,Male,Delhi,1/24/2021,12/1/2022,Standard,601,15,2,65.62,15,Ads,Yes,8924.85
10129,18,Male,Pune,4/9/2021,8/23/2023,Basic,1419,10,1,17.35,15,Email,No,13977.15
10130,52,Male,Mumbai,2/10/2022,2/15/2023,Basic,1000,22,1,28.09,5,Referral,No,21950
10131,54,Female,Chennai,12/22/2021,11/29/2022,Basic,587,25,2,108.52,0,Ads,No,14675
10132,64,Female,Bangalore,5/19/2021,3/6/2023,Basic,453,15,2,62.13,0,Referral,No,6795
10133,31,Female,Pune,5/18/2022,5/2/2022,Premium,722,13,2,92.23,5,Ads,Yes,9349.9
10134,20,Female,Mumbai,4/6/2023,5/2/2022,Basic,1149,8,4,12.4,0,Ads,No,9192
10135,18,Male,Bangalore,6/23/2021,11/6/2023,Standard,349,21,1,52.94,20,Ads,Yes,7259.2
10136,22,Male,Hyderabad,1/29/2021,6/10/2023,Standard,863,21,1,82.54,15,Email,No,17993.55
10137,43,Male,Delhi,5/11/2022,10/25/2021,Standard,1153,22,3,20.34,20,Organic,Yes,25135.4
10138,31,Female,Hyderabad,10/17/2022,9/30/2021,Basic,1182,33,3,42.47,20,Ads,No,38769.6
10139,56,Male,Delhi,4/8/2023,8/20/2021,Standard,961,27,2,12.42,20,Ads,No,25754.8
10140,44,Male,Chennai,12/17/2021,4/16/2023,Basic,864,22,2,79.9,10,Referral,No,18921.6
10141,26,Female,Mumbai,7/8/2022,3/28/2023,Basic,512,30,1,116.65,10,Referral,No,15308.8
10142,32,Male,Chennai,10/26/2021,3/24/2023,Premium,1389,9,4,100.11,20,Email,No,12223.2
10143,32,Male,,12/21/2022,6/10/2022,Basic,1110,35,2,117.08,15,Organic,Yes,38683.5
10144,43,Male,Delhi,4/22/2023,12/22/2022,Basic,1149,18,5,102.24,20,Referral,No,20452.2
10145,59,Female,Delhi,7/11/2021,8/2/2021,Premium,1460,5,3,103.35,,Email,No,7008
10146,30,Female,Pune,11/3/2022,10/17/2022,Basic,1180,27,3,71.38,10,Email,No,31742
10147,49,Female,Bangalore,3/5/2021,3/30/2023,Standard,1388,6,1,64.6,20,Email,Yes,8050.4
10148,56,Male,,1/25/2023,8/23/2022,Basic,1455,32,4,51.72,15,Ads,Yes,46341.75
10149,49,Other,Chennai,2/9/2023,8/2/2022,Basic,633,8,0,99.08,15,Organic,No,4969.05
10150,21,Female,Chennai,10/26/2022,10/16/2023,Basic,331,21,1,25.94,20,Organic,Yes,6884.8
10151,47,Male,Hyderabad,8/3/2021,8/1/2022,Basic,1167,18,2,11.47,15,Organic,No,20830.95
10152,54,Female,Delhi,4/14/2023,7/26/2022,Basic,1197,14,0,114.01,20,Ads,No,16518.6
10153,40,Male,Delhi,6/15/2021,4/18/2022,Standard,1465,15,2,5.43,10,Ads,No,21828.5
10154,56,Female,Delhi,6/27/2022,4/11/2023,Standard,900,26,1,117.34,20,Referral,No,23220
10155,62,Female,Chennai,6/2/2023,11/13/2021,Premium,1287,32,2,88.82,0,Referral,No,41184
10156,32,Male,Hyderabad,8/20/2021,1/18/2023,Basic,1472,28,6,42.78,10,Referral,No,41068.8
10157,60,Other,Bangalore,3/5/2023,3/11/2023,Standard,898,32,3,85.25,15,Email,Yes,28601.3
10158,46,Female,Pune,6/25/2022,9/4/2022,Standard,819,13,3,99.06,15,Organic,Yes,10524.15
10159,53,Female,Mumbai,7/14/2021,9/2/2022,Premium,1168,15,2,,10,Ads,No,17403.2
10160,30,Male,Bangalore,5/21/2022,12/6/2021,Basic,315,18,3,93.65,0,Referral,No,5670
10161,49,Male,Chennai,11/30/2021,9/7/2022,Standard,1429,6,2,97.5,10,Email,No,8431.1
10162,24,Male,Pune,2/7/2023,6/14/2022,Premium,582,11,1,33.68,5,Ads,No,6372.9
10163,39,Female,,3/4/2023,6/2/2021,Basic,1427,32,4,9.82,0,Email,No,45664
10164,45,Male,Pune,10/31/2021,2/8/2023,Premium,660,20,4,28.47,10,Email,Yes,13134
10165,19,Female,Delhi,4/13/2023,5/30/2022,Basic,1358,33,5,28.07,5,Email,No,44746.1
10166,59,Female,Mumbai,3/13/2022,8/11/2021,Standard,412,8,0,12.5,,Organic,No,3213.6
10167,62,Male,Chennai,11/19/2021,8/1/2022,Premium,607,35,1,88.49,0,Ads,No,21245
10168,23,Female,Chennai,5/17/2022,2/28/2023,Standard,1258,5,0,48.7,20,Ads,Yes,6038.4
10169,45,Male,Pune,5/8/2023,11/17/2021,Basic,1376,35,1,106.7,5,Email,No,48091.2
10170,45,Other,Chennai,1/28/2022,12/22/2021,Basic,1404,14,1,34,15,Organic,No,19445.4
10171,61,Female,Mumbai,3/17/2023,9/3/2023,Premium,1133,21,1,57.12,15,Email,No,23623.05
10172,61,Male,Mumbai,8/22/2022,5/3/2022,Standard,541,24,0,78.49,15,Referral,No,12902.85
10173,37,Male,Hyderabad,5/29/2021,9/15/2022,Basic,330,17,3,105.91,20,Ads,No,5544
10174,47,Male,Hyderabad,1/31/2023,12/12/2021,Standard,1003,18,2,65.33,0,Ads,No,18054
10175,28,Female,Bangalore,4/13/2023,4/1/2023,Standard,1168,34,0,47.96,20,Organic,No,39478.4
10176,45,Female,Mumbai,2/9/2022,3/15/2023,Basic,532,12,1,104.71,20,Ads,No,6277.6
10177,42,Female,Mumbai,10/10/2021,3/2/2022,Basic,1357,16,2,40.68,15,Ads,No,21508.45
10178,56,Male,Mumbai,12/28/2021,6/7/2021,Basic,1250,4,7,14.13,20,Ads,No,4750
10179,50,Male,Hyderabad,1/14/2022,12/18/2022,Standard,358,25,5,56.18,5,Organic,No,8932.1
10180,18,Male,Pune,7/17/2021,2/6/2023,Standard,1070,34,3,95.29,10,Email,Yes,36273
10181,44,Female,Pune,7/10/2022,10/2/2023,Standard,1401,28,0,8.54,10,Ads,No,39087.9
10182,30,Female,Chennai,12/22/2021,9/28/2023,Premium,1017,11,1,72.38,10,Email,No,11085.3
10183,58,Male,Pune,6/24/2022,12/25/2022,Premium,601,13,2,73.36,15,Organic,No,7722.85
10184,20,Male,,3/5/2022,1/20/2023,Standard,1102,31,1,111.78,15,Email,No,33996.7
10185,56,Female,Hyderabad,1/17/2021,7/10/2023,Basic,1196,25,1,37.94,10,Referral,No,29780.4
10186,23,Female,Mumbai,10/1/2022,11/25/2021,Standard,411,10,1,37.07,0,Ads,No,4110
10187,25,Female,Pune,1/14/2022,1/28/2022,Basic,616,24,5,55.66,10,Organic,Yes,14722.4
10188,44,Female,Hyderabad,11/11/2022,12/20/2021,Standard,1468,1,2,46.05,20,Organic,No,1174.4
10189,26,Male,Pune,5/21/2022,11/25/2022,Standard,967,25,1,89.68,10,Email,Yes,24078.3
10190,54,Male,Bangalore,1/26/2023,8/10/2023,Basic,989,28,3,78.8,10,Ads,Yes,27593.1
10191,50,Female,Mumbai,6/18/2023,9/5/2022,Premium,317,18,5,92.28,0,Organic,No,5706
10192,59,Female,Bangalore,3/17/2021,8/19/2021,Basic,1478,6,1,99.3,15,Referral,No,8646.3
10193,61,Male,Mumbai,8/19/2021,11/5/2022,Standard,1077,2,3,111.14,15,Email,No,1992.45
10194,41,Female,,12/17/2022,7/22/2022,Basic,659,3,1,54.56,20,Referral,No,1845.2
10195,32,Female,Chennai,9/5/2021,7/6/2023,Premium,631,8,3,118.24,,Referral,No,4984.9
10196,49,Female,Pune,10/29/2021,6/19/2022,Basic,827,31,5,29.8,5,Email,No,25595.65
10197,49,Female,Pune,12/27/2022,6/26/2022,Basic,311,19,2,87.15,20,Referral,No,5846.8
10198,41,Male,Delhi,8/3/2021,11/13/2023,Basic,1398,6,1,66.41,15,Email,Yes,8178.3
10199,58,Female,Bangalore,6/7/2021,8/8/2023,Basic,511,14,0,98.94,,Email,No,7154
10200,29,Female,Pune,3/10/2021,4/19/2023,Basic,940,3,1,59.83,15,Organic,Yes,2679
10201,56,Female,Hyderabad,1/28/2022,10/4/2021,Standard,582,1,3,95.15,15,Organic,No,494.7
10202,19,Female,Chennai,3/26/2021,10/7/2022,Basic,1079,30,4,,0,Referral,No,32370
10203,20,Female,Hyderabad,9/24/2021,7/17/2021,Basic,1353,19,1,89.21,10,Referral,No,25571.7
10204,54,Male,Bangalore,3/10/2021,5/19/2023,Basic,1332,19,5,94.25,10,Referral,No,25174.8
10205,34,Female,Delhi,9/3/2022,9/19/2022,Premium,976,9,2,12.73,15,Referral,Yes,8637.6
10206,19,Female,,12/13/2021,2/9/2023,Standard,1004,7,3,28.57,20,Referral,No,6827.2
10207,19,Female,Hyderabad,12/29/2022,9/7/2022,Standard,725,7,1,117.04,5,Organic,No,5038.75
10208,45,Female,Mumbai,11/4/2022,7/27/2023,Standard,890,9,3,84.72,20,Referral,No,7832
10209,40,Female,Chennai,2/27/2022,9/27/2023,Basic,390,4,1,69.57,20,Referral,No,1482
10210,54,Male,Hyderabad,8/29/2022,10/1/2021,Basic,755,25,5,47.2,15,Ads,No,18761.75
10211,49,Female,,6/23/2021,9/17/2022,Basic,743,12,4,10.1,15,Email,No,8804.55
10212,50,Male,Pune,11/8/2022,10/12/2021,Premium,378,6,2,47.45,5,Email,Yes,2249.1
10213,18,Male,Mumbai,4/25/2021,2/9/2023,Premium,1226,18,3,62.37,5,Organic,Yes,22006.7
10214,36,Female,Delhi,8/8/2021,8/26/2023,Standard,402,21,1,29.32,,Email,No,8421.9
10215,19,Female,Delhi,1/31/2021,9/19/2023,Basic,922,15,2,24.91,15,Referral,No,13691.7
10216,61,Male,Mumbai,6/7/2022,12/14/2022,Basic,1289,3,1,63.47,15,Email,No,3673.65
10217,43,Male,Chennai,12/9/2021,9/27/2023,Basic,533,2,5,72.38,20,Organic,No,959.4
10218,49,Female,Pune,1/12/2022,1/28/2023,Standard,943,4,1,32.59,,Email,No,3630.55
10219,23,Male,Hyderabad,5/10/2021,7/20/2023,Basic,1089,32,2,,10,Email,No,34739.1
10220,49,Male,Mumbai,9/9/2022,6/23/2021,Premium,686,2,0,108.54,10,Ads,No,1303.4
10221,21,Male,Bangalore,6/23/2022,12/18/2022,Basic,1146,29,1,59.41,5,Ads,Yes,33176.7
10222,28,Male,Chennai,1/9/2023,11/3/2023,Premium,337,2,0,103.6,15,Referral,No,623.45
10223,34,Male,Delhi,1/2/2021,7/6/2023,Standard,1484,34,3,111.64,,Email,No,50307.6
10224,55,Male,Mumbai,5/21/2023,1/21/2022,Standard,1440,27,0,15.63,20,Referral,No,38592
10225,41,Male,Delhi,4/11/2021,7/29/2021,Standard,540,18,4,16.02,0,Email,No,9720
10226,22,Female,Chennai,6/17/2022,11/11/2021,Standard,1349,19,1,59.75,20,Referral,No,25361.2
10227,51,Female,Delhi,2/27/2021,7/11/2023,Standard,861,27,2,72.63,0,Referral,No,23247
10228,23,Female,Mumbai,1/24/2022,9/4/2023,Standard,1105,20,2,53.98,,Email,No,21879
10229,39,Male,Chennai,11/23/2022,1/2/2022,Standard,597,21,2,42.54,10,Ads,No,12477.3
10230,28,Male,Bangalore,12/7/2021,11/30/2021,Premium,1104,23,1,78.71,15,Organic,No,25226.4
10231,33,Female,Mumbai,5/11/2023,12/21/2022,Standard,453,30,2,5.24,0,Referral,No,13590
10232,50,Male,Hyderabad,1/20/2021,3/19/2023,Standard,1031,25,0,116.33,15,Organic,No,25620.35
10233,26,Female,Pune,9/12/2021,8/29/2021,Premium,767,31,5,31.69,15,Email,Yes,23661.95
10234,23,Female,Mumbai,11/13/2021,4/7/2022,Basic,348,27,4,110.47,10,Referral,No,9361.2
10235,33,Female,Chennai,2/7/2021,12/9/2022,Basic,345,34,4,17.54,5,Email,Yes,11712.75
10236,46,Male,Pune,10/22/2022,2/12/2022,Standard,1079,8,1,32.38,5,Referral,No,8578.05
10237,20,Male,Mumbai,6/21/2022,11/15/2022,Standard,381,19,1,32.01,0,Ads,No,7239
10238,37,Female,Bangalore,1/21/2022,11/15/2022,Premium,1367,26,3,119.56,10,Referral,No,35405.3
10239,53,Male,Bangalore,9/25/2022,7/22/2021,Basic,1254,28,1,5.53,15,Referral,Yes,34923.9
10240,36,Female,Hyderabad,1/26/2021,5/4/2022,Standard,572,4,3,78.56,20,Referral,No,2173.6
10241,43,Female,Delhi,3/30/2022,11/18/2021,Standard,693,31,0,105.01,20,Email,No,21344.4
10242,20,Other,Pune,11/12/2022,8/6/2021,Basic,1089,16,1,,0,Ads,Yes,17424
10243,36,Male,Chennai,11/19/2021,2/15/2023,Standard,894,10,3,46.71,0,Email,No,8940
10244,37,Female,Chennai,1/7/2023,3/27/2022,Premium,357,10,2,115.21,0,Organic,No,3570
10245,49,Female,Delhi,5/28/2022,4/3/2023,Basic,864,9,3,107.75,10,Ads,No,7689.6
10246,24,Male,Bangalore,3/30/2023,7/18/2023,Standard,300,19,2,54.9,20,Referral,Yes,5640
10247,58,Male,Bangalore,2/12/2023,9/10/2023,Standard,515,19,1,70.93,10,Referral,No,9733.5
10248,50,Female,Mumbai,1/13/2021,1/18/2022,Basic,1065,12,2,116.26,10,Referral,Yes,12673.5
10249,57,Male,Hyderabad,7/14/2022,9/15/2023,Basic,970,13,1,117.99,15,Organic,Yes,12464.5
10250,56,Male,Pune,4/5/2023,8/7/2021,Premium,810,25,1,56.73,10,Organic,Yes,20169
10251,35,Male,Hyderabad,1/6/2022,10/19/2022,Basic,1214,25,3,102.45,10,Referral,No,30228.6
10252,57,Female,Hyderabad,10/18/2021,6/28/2021,Basic,394,28,6,39.73,15,Referral,No,10972.9
10253,18,Female,Mumbai,11/28/2021,2/18/2023,Basic,792,30,1,47.76,5,Organic,No,23720.4
10254,28,Female,Hyderabad,8/29/2022,7/21/2021,Standard,1064,5,2,23.95,15,Email,No,5160.4
10255,45,Male,Delhi,9/18/2021,4/24/2023,Standard,1321,17,5,29.06,0,Ads,No,22457
10256,42,Male,Mumbai,3/1/2023,2/15/2022,Standard,449,18,2,80.54,5,Ads,No,8059.55
10257,40,Female,Delhi,5/21/2023,1/12/2023,Basic,1346,21,0,63.74,20,Organic,No,27996.8
10258,48,Female,Mumbai,7/24/2021,7/25/2023,Premium,1055,22,4,31.58,10,Organic,Yes,23104.5
10259,47,Male,Hyderabad,11/28/2022,2/10/2023,Basic,698,6,1,51.33,5,Email,No,4153.1
10260,59,Female,Delhi,11/18/2022,1/7/2023,Basic,709,16,1,47.92,20,Referral,No,11202.2
10261,52,Other,Delhi,1/22/2022,4/18/2023,Standard,430,2,0,118.55,15,Organic,No,795.5
10262,24,Female,Delhi,6/11/2023,12/1/2021,Basic,1154,1,1,103.16,15,Email,Yes,980.9
10263,33,Female,,4/1/2023,6/23/2021,Premium,447,30,3,49.62,0,Organic,Yes,13410
10264,43,Female,Chennai,4/13/2022,7/26/2023,Premium,680,23,3,110.1,0,Referral,No,15640
10265,19,Male,Hyderabad,2/19/2022,10/7/2021,Basic,1432,1,2,44.4,5,Organic,No,1360.4
10266,18,Female,Delhi,3/10/2021,3/18/2022,Premium,851,19,0,81.81,10,Referral,No,16083.9
10267,29,Other,Pune,4/17/2022,9/10/2023,Standard,1444,3,2,116.16,15,Email,No,4115.4
10268,22,Male,Chennai,4/14/2021,10/14/2022,Premium,594,2,1,49.88,5,Ads,Yes,1158.3
10269,54,Female,,1/28/2023,12/3/2021,Basic,1443,17,3,83.19,5,Email,No,24458.85
10270,49,Female,Hyderabad,6/10/2021,9/22/2022,Standard,755,28,0,39.03,5,Ads,No,21102.25
10271,26,Female,Hyderabad,7/19/2021,12/23/2022,Basic,468,18,1,35.63,0,Email,No,8424
10272,58,Female,Delhi,8/4/2021,10/5/2022,Premium,1009,33,3,71.03,15,Ads,No,33145.65
10273,52,Female,Delhi,7/31/2021,10/26/2022,Basic,1466,15,4,117.62,0,Email,No,21990
10274,36,Female,Mumbai,5/23/2022,3/5/2023,Standard,336,22,0,57.11,,Referral,No,7392
10275,33,Male,Chennai,1/16/2021,8/6/2021,Basic,530,27,2,112.83,5,Ads,No,14283.5
10276,20,Female,Chennai,5/13/2022,8/14/2023,Basic,553,32,1,110.15,20,Ads,No,17585.4
10277,37,Male,Delhi,6/3/2023,9/10/2022,Standard,628,19,1,34.18,20,Referral,No,11806.4
10278,41,Male,Hyderabad,11/28/2021,3/12/2022,Premium,1279,28,2,51.21,20,Referral,No,35556.2
10279,50,Male,Delhi,12/18/2022,1/22/2023,Standard,309,28,1,78.98,5,Ads,Yes,8636.55
10280,41,Female,Hyderabad,5/27/2023,7/22/2022,Premium,745,10,4,64.58,10,Ads,Yes,7375.5
10281,28,Male,Hyderabad,7/5/2022,9/8/2021,Basic,1221,20,3,16.04,,Ads,No,24236.85
10282,25,Female,Delhi,8/24/2022,12/6/2021,Standard,1135,25,3,119.28,5,Organic,No,28318.25
10283,53,Female,Bangalore,9/13/2021,11/7/2023,Standard,377,21,3,91.56,5,Email,No,7898.15
10284,55,Female,Chennai,2/5/2023,10/6/2023,Basic,492,14,4,55.33,0,Referral,Yes,6888
10285,57,Male,Pune,12/29/2022,6/23/2022,Standard,700,22,1,76.09,20,Referral,No,15260
10286,37,Female,Hyderabad,5/30/2023,1/27/2022,Standard,408,26,3,15.07,5,Email,No,10587.6
10287,52,Female,Hyderabad,3/26/2023,7/22/2023,Standard,1091,11,3,61.96,10,Referral,No,11891.9
10288,42,Female,Bangalore,6/21/2021,6/1/2023,Standard,562,7,3,112.05,15,Referral,No,3849.7
10289,52,Male,Pune,10/11/2022,7/22/2022,Standard,628,17,4,108.11,10,Ads,No,10613.2
10290,42,Male,Mumbai,5/13/2022,11/23/2021,Basic,662,18,1,43.8,5,Referral,No,11882.9
10291,46,Male,Bangalore,4/16/2022,6/22/2022,Basic,558,7,1,66.11,5,Organic,No,3878.1
10292,35,Male,Pune,1/19/2022,9/14/2022,Standard,384,20,0,85.2,0,Organic,No,7680
10293,63,Male,Bangalore,11/21/2022,10/1/2023,Basic,607,11,6,44.1,10,Ads,No,6616.3
10294,35,Female,,8/12/2022,1/19/2022,Basic,561,16,0,12.46,0,Ads,No,8976
10295,19,Male,Chennai,12/1/2022,3/25/2023,Basic,1096,27,1,63.13,10,Referral,No,29482.4
10296,,Male,Bangalore,5/22/2022,8/26/2022,Standard,930,11,3,74.19,20,Ads,No,10044
10297,33,Male,Mumbai,6/11/2022,3/4/2022,Basic,979,16,1,5.67,,Ads,No,15468.2
10298,,Male,Delhi,3/15/2023,1/15/2022,Standard,1164,23,2,15.99,10,Email,Yes,26655.6
10299,53,Male,Pune,4/11/2023,11/18/2021,Standard,623,12,1,28.84,0,Ads,No,7476
10300,50,Male,Bangalore,11/21/2021,6/5/2023,Basic,1224,3,1,45.03,20,Organic,Yes,3427.2
10301,21,Male,Bangalore,8/2/2021,12/30/2021,Standard,1026,2,2,67.22,5,Referral,No,2000.7
10302,50,Female,Mumbai,7/27/2021,3/9/2022,Standard,1277,24,2,38.79,15,Ads,No,30456.45
10303,31,Other,Chennai,6/18/2021,7/11/2021,Standard,516,29,2,36.76,0,Email,No,14964
10304,38,Male,Bangalore,11/26/2021,9/30/2021,Standard,747,34,2,104.98,10,Referral,No,25323.3
10305,37,Male,Bangalore,10/7/2021,1/13/2022,Basic,618,20,2,21.68,15,Referral,No,12267.3
10306,25,Female,Chennai,11/1/2021,3/21/2022,Standard,1293,18,2,61.98,15,Referral,Yes,23080.05
10307,24,Male,Mumbai,5/26/2021,1/21/2023,Basic,336,14,4,114.57,5,Email,No,4687.2
10308,20,Male,Pune,2/14/2023,2/22/2022,Premium,1030,18,1,76.88,0,Organic,Yes,18540
10309,34,Female,Pune,5/31/2022,11/23/2022,Premium,1310,2,1,87.48,15,Email,No,2423.5
10310,50,Male,Bangalore,3/31/2021,6/29/2023,Standard,1357,1,2,54.59,0,Email,No,1357
10311,29,Female,Chennai,3/29/2022,9/6/2023,Basic,338,20,2,7.29,5,Referral,No,6743.1
10312,39,Female,Bangalore,3/1/2021,8/25/2022,Basic,508,34,3,79.3,10,Email,No,17221.2
10313,39,Male,Delhi,11/7/2021,8/23/2022,Basic,1129,11,2,,15,Referral,No,12249.65
10314,63,Male,Pune,6/12/2022,6/26/2023,Standard,1155,27,1,17.7,15,Ads,No,31011.75
10315,47,Female,Hyderabad,8/15/2021,7/31/2021,Basic,1475,23,3,58.15,15,Ads,No,33703.75
10316,55,Male,Delhi,4/19/2022,10/15/2022,Standard,1198,3,5,110.26,,Email,Yes,3594
10317,55,Male,Bangalore,6/25/2022,10/25/2021,Basic,900,12,2,28.58,15,Organic,No,10665
10318,62,Female,Mumbai,10/25/2022,4/17/2023,Premium,1059,30,3,58.03,0,Referral,No,31770
10319,25,Female,Pune,1/27/2023,7/30/2023,Basic,1402,31,1,58.03,20,Email,No,43181.6
10320,44,Male,Hyderabad,2/21/2023,4/30/2022,Premium,733,23,4,98.24,20,Email,Yes,16712.4
10321,44,Female,Delhi,3/20/2021,10/29/2023,Premium,1141,1,3,99.83,0,Organic,Yes,1141
10322,51,Male,Pune,3/9/2022,11/8/2023,Standard,331,20,2,92.32,20,Referral,No,6553.8
10323,38,Female,Chennai,3/12/2023,10/20/2021,Standard,1410,6,3,47.03,5,Email,No,8389.5
10324,47,Female,Mumbai,6/2/2021,7/14/2021,Basic,692,11,2,13.28,5,Organic,No,7577.4
10325,50,Female,Delhi,2/28/2023,10/22/2021,Standard,1209,35,1,45.19,20,Referral,Yes,42073.2
10326,45,Female,Chennai,2/5/2022,10/13/2023,Basic,491,4,1,83.18,10,Ads,Yes,1914.9
10327,64,Other,Bangalore,10/6/2021,4/29/2022,Basic,569,29,3,85.82,0,Organic,No,16501
10328,50,Male,Chennai,2/26/2021,10/10/2022,Standard,1037,10,4,115.98,20,Email,No,10162.6
10329,22,Female,Delhi,7/5/2021,7/1/2022,Standard,376,29,5,57.17,0,Ads,No,10904
10330,36,Male,Delhi,2/2/2022,7/25/2021,Standard,1034,1,3,77.73,20,Referral,Yes,827.2
10331,21,Male,Bangalore,8/28/2022,4/3/2022,Basic,1183,8,2,67.01,5,Organic,No,9404.85
10332,52,Male,Chennai,2/27/2023,10/18/2023,Basic,1490,17,0,22.32,,Ads,No,25181
10333,,Female,Chennai,6/7/2021,7/28/2022,Basic,583,19,3,58.04,0,Ads,No,11077
10334,61,Other,Bangalore,2/26/2023,7/22/2022,Basic,1412,33,3,67.66,10,Email,Yes,46454.8
10335,45,Male,Chennai,11/24/2022,4/4/2023,Basic,843,15,3,114.34,5,Ads,No,12602.85
10336,47,Male,Pune,12/25/2021,8/6/2023,Basic,948,31,1,47.15,15,Email,No,29245.8
10337,,Female,Bangalore,3/16/2022,4/21/2022,Basic,1479,21,2,117.71,15,Referral,No,30837.15
10338,63,Male,Mumbai,8/12/2022,5/11/2023,Premium,549,3,3,67.36,0,Email,No,1647
10339,23,Male,Delhi,4/11/2022,4/2/2023,Basic,394,2,1,32.88,5,Organic,No,768.3
10340,52,Female,Mumbai,10/25/2022,8/19/2021,Standard,316,35,4,,0,Ads,No,11060
10341,,Female,Pune,3/22/2022,7/1/2021,Basic,416,16,2,21.29,0,Referral,No,6656
10342,54,Other,Pune,1/20/2023,9/20/2021,Premium,1282,21,2,57.09,0,Email,No,26922
10343,41,Male,Hyderabad,3/12/2023,12/10/2022,Standard,632,12,2,7.52,10,Email,No,7520.8
10344,46,Male,Hyderabad,1/13/2023,10/13/2023,Basic,1403,28,1,56.18,20,Email,No,39003.4
10345,63,Female,Hyderabad,5/3/2022,5/18/2023,Standard,945,12,2,118.67,5,Referral,No,11292.75
10346,48,Female,Bangalore,6/14/2022,12/16/2022,Basic,415,33,1,82.06,10,Referral,No,13653.5
10347,52,Female,Chennai,3/14/2021,3/12/2023,Standard,1262,20,5,92.38,20,Organic,No,24987.6
10348,50,Female,Pune,12/2/2022,9/15/2022,Basic,1492,21,3,18.69,0,Referral,Yes,31332
10349,38,Male,Mumbai,1/17/2021,8/13/2021,Premium,1146,22,1,59.41,15,Email,No,25040.1
10350,49,Female,Mumbai,6/15/2022,12/5/2022,Basic,615,26,2,37.92,10,Referral,No,15928.5
10351,40,Male,Mumbai,1/1/2023,9/22/2022,Basic,1109,7,3,,5,Email,No,7707.55
10352,50,Male,Mumbai,11/22/2021,1/10/2023,Standard,671,7,3,25.85,5,Organic,No,4663.45
10353,,Female,Hyderabad,9/24/2022,6/22/2022,Basic,1059,8,5,57.75,20,Organic,No,8260.2
10354,35,Male,Mumbai,9/5/2022,4/30/2023,Premium,1176,26,1,72.63,10,Email,Yes,30458.4
10355,42,Male,Chennai,6/30/2022,10/30/2023,Standard,1276,24,0,64.11,0,Referral,No,30624
10356,59,Female,Hyderabad,8/19/2022,12/16/2022,Standard,455,24,0,100.48,20,Referral,No,10829
10357,48,Male,Mumbai,12/9/2022,8/7/2022,Basic,913,12,4,31.62,5,Ads,No,10910.35
10358,20,Female,Bangalore,4/22/2023,7/17/2022,Premium,1336,8,0,48.4,,Organic,No,10554.4
10359,57,Male,Delhi,7/21/2021,9/10/2022,Standard,807,9,1,96.09,15,Organic,Yes,7141.95
10360,63,Female,Delhi,12/10/2021,1/20/2023,Basic,764,3,1,65.73,0,Email,No,2292
10361,41,Male,Delhi,5/3/2023,2/11/2023,Basic,1082,21,2,51.24,5,Ads,No,22667.9
10362,49,Male,Hyderabad,6/7/2022,6/7/2023,Basic,1103,31,1,8.39,10,Referral,No,34082.7
10363,64,Other,Mumbai,5/9/2023,2/3/2022,Premium,519,24,3,91.64,15,Email,No,12378.15
10364,39,Female,Pune,2/4/2022,1/2/2023,Basic,314,4,4,116.8,5,Referral,No,1240.3
10365,40,Female,Pune,8/6/2021,9/28/2021,Standard,416,20,2,76.33,15,Referral,No,8257.6
10366,19,Male,Pune,3/21/2022,8/6/2021,Basic,630,16,3,103.5,5,Referral,No,10048.5
10367,44,Female,Hyderabad,2/4/2023,12/25/2022,Basic,355,10,2,64.44,20,Ads,No,3479
10368,59,Female,Chennai,8/10/2021,4/23/2022,Standard,1455,26,2,31.64,20,Organic,No,37539
10369,19,Female,Bangalore,1/18/2022,5/4/2023,Premium,607,29,2,6.66,20,Organic,No,17481.6
10370,43,Female,Bangalore,5/31/2023,9/13/2022,Standard,521,5,2,,,Referral,Yes,2552.9
10371,34,Male,Delhi,8/15/2022,10/6/2022,Premium,1496,11,4,61.71,20,Ads,No,16156.8
10372,57,Male,Delhi,1/7/2021,5/2/2023,Standard,1096,29,1,,10,Referral,No,31674.4
10373,50,Female,Pune,9/29/2021,3/25/2023,Basic,1480,15,1,84.89,,Referral,Yes,22200
10374,26,Male,Pune,1/9/2023,3/13/2022,Basic,450,6,1,118.61,20,Email,No,2610
10375,60,Male,Delhi,1/16/2021,1/29/2023,Standard,411,15,5,,10,Ads,No,6123.9
10376,56,Female,Mumbai,2/28/2022,4/8/2022,Premium,982,20,4,54.13,5,Ads,Yes,19590.9
10377,46,Female,Chennai,6/8/2022,4/5/2022,Premium,1461,34,1,37.98,10,Organic,No,49527.9
10378,59,Female,Chennai,3/14/2023,7/15/2023,Basic,631,2,2,59.84,10,Organic,Yes,1198.9
10379,,Female,Chennai,1/23/2023,9/5/2021,Basic,1192,16,4,105.38,,Referral,No,19012.4
10380,52,Female,Chennai,1/21/2021,9/21/2021,Basic,460,19,0,9.88,10,Email,No,8694
10381,42,Male,Delhi,11/21/2022,2/27/2023,Premium,577,34,3,117.46,5,Email,No,19589.15
10382,41,Male,Bangalore,8/16/2021,8/30/2022,Premium,1196,14,3,119.23,15,Email,No,16564.6
10383,30,Male,Delhi,2/24/2023,9/6/2022,Standard,796,24,3,73.75,,Referral,Yes,18944.8
10384,24,Male,Chennai,10/15/2021,10/10/2021,Basic,954,28,4,43.13,0,Organic,No,26712
10385,53,Female,Delhi,3/20/2023,9/29/2021,Standard,1359,32,2,30.65,10,Ads,Yes,43352.1
10386,62,Male,Chennai,5/14/2021,12/14/2021,Standard,602,10,2,36.8,5,Referral,No,5989.9
10387,37,Male,Hyderabad,10/10/2021,8/15/2023,Basic,737,9,1,10.76,20,Email,No,6485.6
10388,18,Male,Pune,2/8/2022,9/25/2022,Standard,1025,24,3,59.64,,Email,No,24497.5
10389,25,Male,Bangalore,10/27/2022,2/24/2023,Basic,1355,29,3,11.59,20,Referral,Yes,39024
10390,63,Male,Hyderabad,3/7/2021,8/3/2023,Basic,485,29,2,87.62,15,Email,Yes,13992.25
10391,33,Male,Mumbai,10/11/2022,11/14/2023,Premium,1497,23,2,47.77,10,Ads,No,34281.3
10392,31,Male,Delhi,8/27/2022,7/12/2023,Standard,972,27,2,27.93,5,Referral,Yes,26195.4
10393,29,Male,Mumbai,3/13/2022,7/9/2021,Basic,1300,31,5,67.66,15,Ads,No,40105
10394,40,Male,Delhi,4/9/2023,12/18/2022,Standard,578,7,3,116.98,10,Organic,Yes,3988.2
10395,32,Female,Pune,9/16/2021,10/25/2022,Basic,982,4,2,84.94,20,Email,No,3731.6
10396,45,Male,Hyderabad,4/13/2021,9/17/2022,Standard,1325,14,3,61.55,15,Email,No,18351.25
10397,51,Male,Pune,7/21/2022,11/8/2021,Standard,1489,10,4,94.35,5,Organic,No,14815.55
10398,19,Female,Chennai,2/8/2023,3/16/2022,Standard,1310,34,3,89.81,10,Organic,No,44409
10399,49,Male,Pune,4/11/2021,12/17/2021,Standard,1224,26,1,107.55,20,Organic,No,31579.2
10400,40,Female,Pune,7/17/2021,7/28/2023,Basic,1433,23,0,28.54,20,Email,Yes,32672.4
10401,39,Female,Chennai,3/24/2023,11/10/2022,Basic,679,9,7,103.77,15,Organic,No,6009.15
10402,42,Male,Delhi,8/14/2021,4/16/2023,Standard,1134,8,2,39.62,10,Referral,Yes,8958.6
10403,39,Female,Chennai,4/8/2022,10/16/2022,Basic,1298,14,4,113.21,20,Organic,No,17912.4
10404,39,Male,Hyderabad,8/25/2021,2/3/2022,Standard,584,7,0,37.32,15,Referral,No,4000.4
10405,59,Female,Pune,1/26/2021,6/18/2022,Basic,720,7,1,111.59,0,Referral,No,5040
10406,23,Male,Chennai,5/1/2021,1/4/2022,Basic,412,9,2,115.84,20,Ads,No,3625.6
10407,32,Female,Pune,5/21/2022,8/26/2021,Basic,1317,3,1,21.73,15,Referral,Yes,3753.45
10408,60,Male,Hyderabad,7/1/2021,8/21/2021,Premium,527,14,0,117.07,0,Referral,No,7378
10409,54,Female,Mumbai,12/12/2022,8/1/2021,Basic,827,17,1,14.86,15,Organic,No,13934.95
10410,50,Female,Hyderabad,3/25/2023,8/8/2023,Standard,795,22,1,30.14,20,Email,Yes,17331
10411,25,Male,Bangalore,2/6/2023,10/13/2022,Basic,330,26,0,,0,Organic,No,8580
10412,61,Male,Bangalore,9/26/2022,7/12/2021,Basic,461,28,2,119.26,15,Ads,No,12838.85
10413,61,Female,Bangalore,6/27/2022,6/12/2021,Standard,1004,14,3,61.18,10,Ads,No,13955.6
10414,22,Female,Pune,11/11/2021,9/11/2023,Standard,1021,9,2,68.3,0,Email,Yes,9189
10415,56,Male,Delhi,3/8/2023,6/16/2023,Standard,745,26,8,84.86,15,Referral,No,19258.25
10416,21,Female,Delhi,9/10/2022,9/19/2023,Premium,1043,2,1,116.35,10,Ads,No,1981.7
10417,23,Other,Delhi,1/6/2023,3/5/2023,Basic,726,11,1,95.09,0,Email,No,7986
10418,62,Female,Pune,9/30/2021,9/23/2021,Basic,803,17,5,30.78,15,Organic,Yes,13530.55
10419,49,Male,Hyderabad,8/20/2021,1/4/2022,Premium,1020,34,2,39.84,20,Organic,No,34476
10420,47,Female,Delhi,2/24/2022,3/11/2023,Basic,983,19,1,16.23,0,Organic,No,18677
10421,64,Male,Mumbai,2/7/2023,9/14/2021,Standard,881,18,2,79.11,0,Referral,No,15858
10422,52,Other,Bangalore,3/18/2022,4/22/2023,Standard,1357,13,2,25.79,10,Referral,No,17505.3
10423,57,Female,Hyderabad,5/11/2022,11/10/2022,Basic,1035,5,3,34.6,15,Email,No,5019.75
10424,33,Male,Bangalore,1/24/2021,9/15/2022,Standard,990,23,3,107.13,20,Ads,No,22572
10425,30,Female,,4/19/2021,6/24/2023,Basic,1057,24,1,42.58,10,Organic,No,25262.3
10426,59,Male,Hyderabad,12/4/2022,9/24/2023,Basic,1053,29,1,70.16,0,Referral,No,30537
10427,47,Other,Chennai,5/17/2022,11/10/2023,Basic,323,8,4,50.72,10,Referral,No,2551.7
10428,36,Other,Mumbai,5/9/2023,6/22/2022,Premium,354,26,3,13.51,10,Ads,No,9168.6
10429,34,Female,Delhi,1/25/2021,1/12/2022,Basic,1349,15,2,46.73,10,Organic,No,20100.1
10430,36,Male,Delhi,7/6/2021,9/24/2022,Standard,1103,1,3,51.93,0,Organic,No,1103
10431,45,Female,Mumbai,10/15/2021,6/24/2023,Premium,626,28,3,108.01,5,Ads,Yes,17496.7
10432,43,Male,Mumbai,9/20/2022,7/13/2022,Standard,1269,14,1,42.31,10,Email,Yes,17639.1
10433,54,Male,Chennai,12/4/2021,8/31/2022,Standard,485,34,3,48.61,5,Email,No,16465.75
10434,43,Female,Delhi,5/28/2023,3/15/2023,Standard,794,31,0,95.03,20,Ads,No,24455.2
10435,40,Male,Pune,2/6/2021,11/15/2023,Basic,1335,6,1,92.28,20,Ads,Yes,7743
10436,26,Male,Delhi,3/5/2023,5/12/2023,Standard,733,5,3,96.8,20,Email,No,3518.4
10437,29,Other,Bangalore,5/17/2021,2/14/2023,Standard,507,31,0,114.68,15,Ads,Yes,15640.95
10438,18,Male,Hyderabad,5/23/2022,3/1/2023,Premium,432,15,2,96.49,0,Organic,No,6480
10439,18,Male,Hyderabad,8/15/2021,6/21/2021,Premium,668,15,3,,5,Email,Yes,9986.6
10440,64,Female,Bangalore,11/16/2021,3/21/2023,Premium,1426,5,4,99.47,15,Email,No,6916.1
10441,51,Male,,4/20/2023,1/22/2023,Premium,722,28,1,63.5,5,Email,Yes,20179.9
10442,49,Female,Mumbai,7/1/2021,8/24/2023,Standard,1332,33,3,36.94,0,Organic,No,43956
10443,42,Other,Hyderabad,5/24/2023,12/20/2021,Standard,543,11,0,39.84,10,Ads,No,5918.7
10444,57,Female,,3/27/2021,7/22/2022,Premium,1081,6,1,30.74,15,Referral,No,6323.85
10445,62,Female,Bangalore,4/12/2022,7/21/2022,Basic,923,23,1,21.67,0,Referral,No,21229
10446,,Male,Chennai,2/22/2021,8/22/2022,Premium,866,2,3,26.22,15,Organic,No,1602.1
10447,33,Male,Hyderabad,5/10/2023,10/25/2022,Basic,826,15,2,12.27,20,Organic,Yes,12224.8
10448,56,Female,Pune,5/17/2023,8/24/2021,Standard,336,23,0,107.17,15,Ads,No,7677.6
10449,22,Female,Hyderabad,8/23/2021,11/14/2021,Standard,477,22,2,112.07,10,Referral,No,10446.3
10450,39,Female,Chennai,2/18/2023,6/19/2022,Premium,938,9,2,72.48,10,Email,No,8348.2
10451,46,Male,Bangalore,3/10/2023,9/11/2022,Basic,1151,30,4,101.66,5,Organic,No,34472.45
10452,20,Male,Chennai,3/9/2022,8/11/2021,Standard,371,16,3,26.11,15,Referral,No,5880.35
10453,29,Male,Bangalore,5/11/2022,8/19/2023,Standard,651,30,5,108.69,20,Email,No,19399.8
10454,43,Female,Mumbai,4/10/2021,11/3/2022,Basic,922,9,2,63.23,10,Email,No,8205.8
10455,33,Male,Bangalore,8/22/2022,8/2/2023,Standard,1472,1,4,12.72,5,Ads,Yes,1398.4
10456,54,Female,Mumbai,2/7/2022,9/16/2022,Standard,404,8,3,21.25,20,Organic,No,3151.2
10457,39,Female,Mumbai,1/31/2022,2/13/2022,Standard,520,18,5,40.53,20,Email,Yes,9256
10458,46,Male,Bangalore,6/11/2022,3/2/2022,Basic,1162,27,0,10.01,20,Organic,Yes,31141.6
10459,31,Female,Pune,2/19/2022,6/20/2023,Standard,817,18,1,40.57,0,Referral,Yes,14706
10460,45,Male,Delhi,9/5/2022,6/20/2021,Standard,598,32,2,11.89,10,Referral,No,19076.2
10461,22,Female,Bangalore,11/8/2022,10/3/2022,Basic,1160,32,2,32.14,,Organic,No,37120
10462,64,Female,Hyderabad,4/8/2022,6/15/2023,Basic,341,21,1,35.55,0,Email,No,7161
10463,47,Female,Pune,6/25/2022,10/3/2022,Premium,1070,32,3,119.35,10,Email,No,34133
10464,63,Female,Pune,9/18/2022,6/3/2023,Standard,1196,31,6,32.09,15,Referral,No,36896.6
10465,22,Male,Hyderabad,9/11/2022,4/22/2022,Standard,791,16,5,32.51,5,Email,Yes,12616.45
10466,29,Male,Delhi,12/30/2021,11/11/2022,Basic,1370,14,0,83.98,10,Email,No,19043
10467,33,Female,Pune,5/10/2021,11/9/2023,Basic,384,24,2,,5,Referral,No,9196.8
10468,43,Male,Mumbai,3/25/2021,8/28/2021,Basic,1381,25,0,49.51,15,Ads,No,34317.85
10469,43,Male,Delhi,9/28/2021,9/29/2022,Basic,1290,35,3,105.7,10,Referral,No,45021
10470,38,Male,Hyderabad,9/1/2021,5/9/2023,Standard,1010,17,1,44.12,20,Organic,No,16968
10471,56,Female,Delhi,1/23/2022,5/16/2022,Standard,508,4,4,27.66,10,Ads,No,1981.2
10472,53,Male,Bangalore,8/2/2021,8/23/2021,Standard,338,11,2,42.91,15,Organic,Yes,3667.3
10473,50,Female,Delhi,3/29/2023,6/22/2022,Basic,1225,15,3,75.08,0,Ads,No,18375
10474,47,Other,Mumbai,6/15/2021,8/26/2021,Standard,1061,30,0,47.22,10,Ads,Yes,31723.9
10475,54,Male,Bangalore,3/2/2023,4/3/2022,Basic,1245,24,2,82.38,20,Referral,No,29631
10476,40,Male,Chennai,2/28/2021,9/28/2023,Basic,351,2,2,32.25,10,Referral,No,666.9
10477,27,Male,Hyderabad,8/25/2022,11/1/2021,Premium,673,34,1,85.61,0,Organic,No,22882
10478,22,Female,Hyderabad,6/2/2023,8/14/2022,Standard,1230,23,4,44.96,10,Referral,No,28167
10479,53,Male,Delhi,4/23/2023,6/10/2023,Standard,455,31,1,57.42,20,Ads,Yes,14014
10480,51,Male,Pune,5/19/2022,2/19/2022,Basic,1413,13,1,69.14,15,Referral,No,18157.05
10481,48,Male,Bangalore,12/7/2022,6/5/2023,Premium,978,33,1,83.92,20,Organic,No,32078.4
10482,27,Female,Chennai,5/3/2021,7/26/2022,Standard,650,7,3,32.45,15,Ads,Yes,4452.5
10483,36,Male,Bangalore,10/10/2022,10/6/2022,Standard,368,32,2,,20,Organic,No,11702.4
10484,49,Female,Hyderabad,2/17/2022,2/23/2023,Basic,1486,7,0,88.01,5,Email,No,10327.7
10485,18,Female,Bangalore,5/19/2021,7/16/2022,Premium,1375,13,6,31.92,10,Referral,No,17737.5
10486,22,Male,Chennai,8/17/2021,11/20/2021,Premium,953,24,2,117.12,10,Ads,No,22776.7
10487,62,Female,Pune,10/1/2021,6/4/2021,Premium,362,28,1,81.45,0,Organic,No,10136
10488,21,Male,Delhi,3/15/2022,10/2/2023,Basic,808,32,1,57.03,5,Referral,No,25815.6
10489,,Female,Mumbai,7/16/2022,3/2/2023,Basic,591,18,4,23.12,0,Referral,No,10638
10490,41,Female,Bangalore,4/28/2021,9/15/2022,Basic,1414,34,4,66.32,10,Organic,No,47934.6
10491,33,Female,Mumbai,12/15/2022,9/18/2021,Basic,1120,34,2,23.95,0,Ads,No,38080
10492,19,Male,Hyderabad,4/28/2022,10/15/2023,Premium,449,1,5,54.39,15,Organic,No,381.65
10493,45,Male,Delhi,1/30/2022,7/7/2021,Basic,1180,31,1,52,5,Referral,No,36521
10494,,Male,Delhi,12/4/2022,1/4/2023,Basic,1439,1,0,87.79,20,Organic,No,1151.2
10495,44,Male,Bangalore,5/26/2023,8/10/2023,Basic,1003,16,4,27.12,15,Email,No,15897.55
10496,37,Male,Pune,4/5/2022,7/1/2021,Basic,815,15,7,99.52,20,Referral,No,12062
10497,41,Male,Delhi,4/15/2023,6/16/2022,Basic,329,33,3,,0,Ads,No,10857
10498,29,Male,Bangalore,11/24/2022,2/23/2022,Standard,1466,23,2,56.06,10,Email,No,33571.4
10499,52,Male,Bangalore,3/19/2021,6/11/2021,Standard,625,34,1,93.82,15,Organic,No,21156.25
10500,50,Female,Mumbai,2/16/2022,5/10/2022,Basic,1248,17,2,76.92,5,Ads,No,21153.6
10501,50,Male,Delhi,3/16/2021,9/18/2023,Basic,315,25,1,40.42,20,Email,No,7812
10502,60,Male,Bangalore,10/22/2021,11/26/2022,Basic,410,6,1,49.41,15,Organic,No,2398.5
10503,54,Male,Mumbai,3/4/2023,12/21/2022,Basic,1171,31,3,40.17,10,Email,Yes,36183.9
10504,29,Male,Chennai,1/21/2021,11/13/2021,Standard,1012,5,3,73.4,5,Referral,No,5009.4
10505,20,Other,Mumbai,6/20/2021,5/1/2023,Standard,406,30,6,43.25,5,Ads,No,12159.7
10506,,Male,Mumbai,1/15/2021,5/8/2022,Standard,678,5,3,88.46,20,Email,No,3254.4
10507,50,Female,Bangalore,7/30/2021,9/25/2022,Standard,461,12,1,71.68,15,Referral,No,5462.85
10508,57,Other,Hyderabad,7/14/2022,6/19/2021,Basic,582,7,4,21.76,15,Organic,Yes,3986.7
10509,27,Female,Hyderabad,3/27/2021,2/18/2023,Premium,568,13,3,40.68,5,Referral,No,7355.6
10510,60,Female,Pune,5/29/2021,12/1/2021,Premium,783,4,2,30.47,0,Organic,Yes,3132
10511,61,Female,Hyderabad,12/1/2022,7/22/2023,Premium,966,3,7,49.89,5,Ads,No,2849.7
10512,46,Other,Mumbai,1/7/2022,11/27/2022,Basic,1396,12,1,64.34,,Referral,No,16612.4
10513,30,Female,Pune,4/25/2022,6/10/2021,Premium,897,1,0,63.28,15,Referral,No,762.45
10514,29,Female,Bangalore,3/29/2023,1/13/2023,Premium,1098,27,1,91.77,20,Organic,No,29426.4
10515,48,Female,Delhi,5/31/2021,12/9/2021,Premium,1097,13,2,26.75,15,Email,No,14096.45
10516,63,Female,Mumbai,5/21/2021,4/16/2022,Basic,1472,17,5,113.84,5,Organic,No,24950.4
10517,19,Female,Mumbai,3/10/2021,5/3/2023,Standard,689,8,1,44.43,10,Email,Yes,5443.1
10518,52,Male,Pune,9/17/2021,1/1/2023,Premium,715,32,2,39.53,0,Organic,No,22880
10519,40,Male,Bangalore,4/26/2023,9/18/2022,Standard,725,20,1,83.8,15,Ads,No,14391.25
10520,34,Male,Chennai,6/5/2022,10/8/2023,Standard,1296,17,2,97.63,5,Email,Yes,21967.2
10521,43,Male,Mumbai,9/25/2022,2/27/2023,Premium,1166,34,1,48.52,5,Referral,No,39585.7
10522,25,Male,Chennai,1/6/2022,8/1/2022,Basic,385,35,0,90.89,,Email,No,13455.75
10523,46,Male,Chennai,2/23/2022,9/26/2023,Standard,722,35,1,106.63,10,Organic,No,25197.8
10524,43,Female,Hyderabad,4/11/2021,7/29/2021,Standard,417,24,4,93.18,5,Organic,No,9987.15
10525,27,Male,Bangalore,10/23/2022,8/10/2022,Premium,1258,18,0,8.93,5,Email,No,22581.1
10526,43,Female,Chennai,10/20/2022,9/5/2021,Basic,1181,33,2,100.15,5,Referral,No,38913.95
10527,51,Male,Bangalore,5/15/2023,10/9/2022,Standard,1291,23,3,94.07,15,Ads,No,29499.35
10528,58,Male,Hyderabad,8/31/2021,7/27/2023,Standard,714,25,1,,5,Referral,No,17814.3
10529,24,Female,Bangalore,1/23/2023,3/23/2023,Standard,898,27,2,92.4,10,Email,No,24156.2
10530,21,Female,Mumbai,5/27/2022,3/5/2022,Standard,339,1,3,117.63,15,Organic,No,288.15
10531,62,Male,,4/29/2023,2/20/2022,Premium,1484,21,4,54.58,5,Referral,No,31089.8
10532,28,Female,Bangalore,7/9/2022,6/9/2021,Premium,1002,10,3,12.73,0,Organic,No,10020
10533,46,Female,Delhi,4/5/2021,8/31/2022,Basic,836,31,5,,10,Organic,No,25832.4
10534,53,Male,Bangalore,8/14/2021,8/4/2023,Basic,719,25,1,10.34,0,Referral,No,17975
10535,42,Male,Chennai,6/2/2022,2/28/2022,Basic,963,20,2,38.84,10,Email,Yes,19163.7
10536,38,Other,Hyderabad,8/2/2021,8/22/2023,Basic,394,2,2,72.49,0,Referral,No,788
10537,53,Female,Hyderabad,12/19/2022,6/8/2021,Standard,1272,15,2,40.61,5,Ads,No,19016.4
10538,27,Female,Chennai,3/8/2021,12/25/2021,Premium,949,28,3,83.82,0,Organic,No,26572
10539,54,Female,Mumbai,1/31/2022,2/27/2023,Premium,587,13,2,99.53,0,Organic,No,7631
10540,26,Male,Mumbai,9/4/2022,10/1/2021,Basic,711,14,2,53.35,10,Email,No,9882.9
10541,41,Male,Hyderabad,1/12/2021,7/3/2021,Basic,699,2,5,108.52,5,Organic,No,1363.05
10542,52,Male,Hyderabad,8/25/2021,10/26/2022,Standard,827,34,2,,10,Organic,No,28035.3
10543,52,Female,Chennai,4/14/2023,12/21/2021,Standard,1341,35,2,101.61,5,Organic,No,46867.95
10544,53,Female,Mumbai,2/9/2023,10/31/2022,Basic,435,25,3,100.29,20,Referral,Yes,10788
10545,35,Female,Hyderabad,2/3/2022,8/18/2023,Premium,1058,15,1,42.03,15,Organic,No,15711.3
10546,56,Male,Mumbai,2/11/2022,10/30/2022,Premium,1142,12,3,39.35,15,Referral,Yes,13532.7
10547,49,Male,Hyderabad,4/29/2023,8/17/2022,Basic,1009,9,1,40.09,10,Email,No,8980.1
10548,41,Female,Bangalore,4/25/2022,1/13/2023,Premium,1324,31,2,98.31,5,Ads,No,40977.8
10549,40,Female,Delhi,10/9/2022,7/26/2023,Basic,680,14,2,100.64,0,Organic,No,9520
10550,49,Female,Pune,8/10/2021,4/20/2023,Standard,808,29,2,42.92,15,Ads,No,23310.8
10551,54,Male,Bangalore,6/5/2021,9/28/2023,Standard,1105,8,2,73.15,10,Referral,No,8729.5
10552,29,Female,Pune,10/16/2022,9/11/2023,Basic,775,3,5,20.98,10,Email,No,2247.5
10553,30,Male,Hyderabad,3/4/2022,5/5/2022,Premium,1253,2,3,58.91,10,Email,No,2380.7
10554,40,Female,Delhi,6/7/2021,8/12/2022,Standard,1148,16,0,119.86,5,Referral,No,18310.6
10555,42,Male,Delhi,2/20/2022,8/19/2022,Standard,1196,19,1,23.27,10,Ads,No,22604.4
10556,52,Female,Hyderabad,11/22/2021,10/14/2021,Basic,331,30,1,113.97,20,Organic,No,9863.8
10557,58,Male,Hyderabad,1/6/2022,6/22/2022,Basic,417,16,0,99.79,0,Referral,No,6672
10558,47,Female,,12/10/2021,6/25/2021,Basic,490,31,2,116.8,10,Referral,No,15141
10559,34,Male,Hyderabad,9/19/2021,10/19/2022,Standard,373,28,4,25.65,5,Referral,No,10425.35
10560,37,Male,Chennai,10/10/2021,4/21/2022,Standard,922,4,3,29.55,0,Referral,No,3688
10561,42,Male,Hyderabad,4/30/2023,4/26/2023,Basic,1426,10,0,6.94,0,Referral,No,14260
10562,39,Male,Chennai,5/6/2023,4/11/2023,Standard,1170,18,1,88.34,15,Email,No,20884.5
10563,30,Male,Hyderabad,8/17/2021,5/4/2022,Standard,885,32,3,79.07,10,Referral,No,28231.5
10564,36,Female,Mumbai,6/7/2023,4/21/2023,Standard,719,30,3,25.48,10,Email,No,21498.1
10565,53,Male,Chennai,10/7/2021,11/2/2023,Standard,772,9,2,95.98,5,Ads,No,6909.4
10566,29,Female,,5/20/2023,9/3/2021,Premium,413,29,1,39.41,20,Organic,No,11894.4
10567,58,Female,Chennai,10/17/2021,11/27/2022,Standard,629,16,1,20.52,20,Email,No,9938.2
10568,36,Female,Mumbai,11/11/2022,2/13/2023,Standard,638,28,0,53.59,15,Organic,No,17768.3
10569,29,Male,Pune,2/16/2021,10/24/2021,Basic,537,21,3,15.46,20,Organic,No,11169.6
10570,26,Male,Chennai,12/16/2022,11/10/2023,Basic,1496,2,2,35.27,5,Organic,No,2917.2
10571,24,Female,,8/2/2021,1/17/2022,Basic,378,35,2,47.7,15,Email,Yes,13173.3
10572,45,Other,,1/28/2023,7/24/2023,Standard,763,28,3,102.96,10,Email,No,21287.7
10573,31,Male,Pune,1/24/2021,9/26/2023,Basic,904,31,1,96.14,20,Email,No,27843.2
10574,48,Male,Mumbai,11/17/2021,10/8/2022,Basic,861,33,1,55.92,5,Ads,No,28369.95
10575,36,Male,Delhi,10/1/2021,7/8/2021,Standard,584,23,3,88.33,5,Email,No,13402.8
10576,64,Other,Hyderabad,7/10/2022,7/30/2022,Basic,522,17,3,70.39,10,Ads,No,8821.8
10577,33,Male,Bangalore,4/24/2023,3/9/2023,Basic,892,1,3,44.2,5,Email,No,847.4
10578,22,Male,Mumbai,11/9/2021,9/24/2023,Basic,672,23,1,88.48,15,Email,No,15355.2
10579,52,Female,Chennai,12/29/2021,6/17/2023,Standard,1210,27,0,83.6,15,Organic,No,32488.5
10580,29,Male,Chennai,10/30/2022,8/11/2022,Basic,1127,25,3,76.2,0,Referral,No,28175
10581,42,Male,Bangalore,1/15/2022,9/9/2023,Standard,535,32,2,76.06,10,Organic,Yes,17066.5
10582,38,Female,Hyderabad,12/12/2022,6/3/2022,Standard,970,19,2,83.54,5,Email,No,18381.5
10583,53,Female,Mumbai,11/5/2022,5/11/2022,Standard,1127,24,3,49.22,,Referral,No,26822.6
10584,40,Male,Bangalore,4/15/2022,11/7/2021,Standard,1062,3,2,104.94,15,Referral,No,3026.7
10585,33,Male,Hyderabad,1/16/2023,12/2/2022,Premium,679,12,6,23.67,10,Ads,No,8080.1
10586,56,Male,Mumbai,11/6/2022,3/24/2023,Basic,1093,35,1,106.65,10,Referral,No,38145.7
10587,62,Male,Chennai,4/26/2021,8/29/2023,Basic,913,15,3,44.36,15,Ads,No,13558.05
10588,59,Female,Mumbai,8/28/2022,11/23/2022,Basic,862,17,3,19.38,0,Organic,Yes,14654
10589,56,Male,Pune,2/11/2021,10/22/2021,Basic,719,32,1,74,10,Ads,No,22936.1
10590,31,Male,Delhi,3/7/2023,1/9/2023,Basic,351,7,1,48.24,5,Email,No,2439.45
10591,,Male,Mumbai,1/14/2022,3/19/2023,Basic,1118,19,1,98.78,20,Referral,No,21018.4
10592,22,Female,Delhi,12/23/2022,6/11/2023,Standard,504,7,1,54.54,20,Email,No,3427.2
10593,52,Female,Mumbai,7/25/2021,12/28/2022,Standard,1300,5,3,81.88,15,Referral,Yes,6305
10594,40,Female,Delhi,4/11/2022,10/7/2023,Basic,1030,21,2,40.45,10,Referral,Yes,21527
10595,46,Male,Pune,1/2/2023,5/11/2022,Standard,556,7,2,29.09,20,Organic,No,3780.8
10596,60,Female,Chennai,10/7/2021,2/24/2022,Basic,484,23,0,49.63,10,Ads,No,11083.6
10597,28,Female,Hyderabad,10/10/2022,9/18/2023,Basic,444,11,1,74.78,15,Organic,Yes,4817.4
10598,35,Male,Delhi,9/10/2022,4/27/2023,Standard,1337,10,5,80.55,0,Ads,No,13370
10599,64,Male,Pune,4/28/2021,7/13/2023,Basic,545,21,0,71.49,20,Organic,No,11336
10600,29,Male,Delhi,8/25/2021,2/23/2022,Basic,486,33,2,118.63,5,Organic,No,16013.7
10601,26,Male,Chennai,11/5/2021,11/16/2021,Basic,1165,20,5,84.48,15,Referral,No,23125.25
10602,27,Male,Delhi,4/1/2022,7/11/2023,Premium,339,33,1,112.12,0,Organic,No,11187
10603,61,Male,Pune,6/19/2023,6/9/2023,Standard,900,35,1,18.56,5,Organic,Yes,31455
10604,34,Male,Pune,4/20/2022,7/3/2021,Basic,1261,34,2,12.06,5,Ads,Yes,42810.95
10605,55,Female,Bangalore,4/10/2021,6/12/2022,Premium,1285,27,1,40.76,20,Organic,No,34438
10606,24,Male,Chennai,9/18/2021,12/31/2021,Standard,308,19,0,20.71,10,Referral,Yes,5821.2
10607,63,Female,Bangalore,11/1/2021,12/14/2022,Standard,649,5,3,65.47,15,Organic,No,3147.65
10608,30,Female,Chennai,12/20/2021,8/14/2022,Premium,383,29,0,64.68,5,Email,Yes,11087.85
10609,57,Female,,10/13/2021,10/5/2022,Basic,832,10,1,71.13,20,Email,Yes,8153.6
10610,59,Female,Pune,11/24/2021,6/28/2022,Basic,1288,13,2,90.7,0,Ads,Yes,16744
10611,26,Male,Bangalore,4/13/2021,10/2/2022,Standard,657,29,2,,5,Ads,No,19020.15
10612,44,Female,Delhi,3/4/2021,5/23/2023,Standard,677,5,0,106,0,Email,No,3385
10613,19,Male,Pune,11/18/2022,6/29/2021,Standard,471,12,3,18.61,15,Organic,Yes,5581.35
10614,22,Male,Chennai,10/9/2021,7/9/2021,Standard,1348,13,2,43.93,20,Organic,No,17254.4
10615,,Female,Pune,3/17/2022,10/7/2023,Premium,692,22,0,34.42,0,Ads,No,15224
10616,54,Male,Delhi,10/20/2021,2/2/2023,Premium,1426,15,3,25.33,10,Referral,No,21247.4
10617,55,Male,Bangalore,1/8/2023,11/20/2021,Premium,1001,13,3,67.64,0,Organic,Yes,13013
10618,36,Female,Bangalore,1/7/2021,6/17/2021,Premium,848,1,2,68.63,0,Email,Yes,848
10619,25,Female,Pune,10/1/2022,7/26/2021,Premium,1083,1,4,31.13,20,Referral,No,866.4
10620,62,Female,Delhi,4/2/2021,1/12/2022,Basic,631,11,1,86.87,20,Referral,No,6814.8
10621,18,Male,Mumbai,7/9/2021,12/10/2022,Basic,1093,22,2,89.29,5,Organic,No,23991.35
10622,39,Female,,5/21/2023,8/6/2021,Standard,948,35,3,7.41,0,Referral,No,33180
10623,34,Male,Chennai,4/21/2022,12/14/2021,Premium,1282,6,2,50.51,0,Ads,Yes,7692
10624,24,Female,Delhi,5/26/2022,3/16/2023,Standard,1352,28,4,107.37,20,Referral,No,37585.6
10625,42,Female,Mumbai,4/7/2022,9/13/2023,Standard,842,31,1,64.84,10,Ads,No,26017.8
10626,62,Female,Bangalore,2/22/2021,6/23/2021,Basic,1342,8,1,44.98,20,Organic,No,10467.6
10627,21,Female,Hyderabad,1/24/2023,1/27/2023,Basic,1471,5,5,34.17,10,Referral,No,7207.9
10628,53,Male,Hyderabad,5/1/2022,6/24/2023,Standard,790,17,3,32.99,20,Email,No,13272
10629,23,Female,Delhi,10/6/2022,1/23/2022,Basic,582,9,2,16.47,15,Email,No,5150.7
10630,48,Female,Mumbai,5/5/2022,12/18/2022,Basic,1161,10,5,98.98,0,Ads,Yes,11610
10631,36,Male,Mumbai,12/30/2021,10/16/2021,Basic,412,20,4,14.97,10,Ads,Yes,8198.8
10632,61,Female,Chennai,4/22/2021,9/16/2022,Basic,1161,14,4,,15,Organic,No,16079.85
10633,56,Male,Bangalore,2/13/2022,9/23/2023,Standard,909,14,5,10.25,10,Referral,No,12635.1
10634,44,Female,Pune,1/7/2021,7/24/2023,Basic,807,26,3,94.86,5,Ads,Yes,20941.65
10635,27,Female,Mumbai,1/12/2023,12/5/2022,Standard,765,29,3,9.52,5,Ads,No,22146.75
10636,,Female,Pune,10/30/2022,1/31/2023,Basic,1123,27,1,40.45,0,Organic,No,30321
10637,36,Male,Hyderabad,7/16/2021,4/26/2023,Premium,908,25,5,70.93,15,Referral,No,22563.8
10638,56,Female,Pune,4/15/2023,3/2/2023,Basic,1421,16,8,52.1,15,Referral,No,22522.85
10639,20,Female,Bangalore,5/26/2023,1/15/2022,Standard,589,34,0,37.46,5,Ads,No,19996.55
10640,62,Female,Bangalore,1/5/2023,4/13/2022,Standard,1167,16,2,36.65,0,Referral,No,18672
10641,30,Male,Pune,1/2/2022,1/19/2023,Basic,1479,33,0,96.75,5,Referral,No,48733.05
10642,45,Male,Delhi,9/7/2021,7/8/2023,Premium,1081,3,0,117.01,15,Referral,No,3080.85
10643,37,Female,Mumbai,8/18/2022,5/22/2023,Standard,461,23,2,45.02,10,Email,Yes,10556.9
10644,45,Male,Delhi,8/28/2021,5/28/2023,Basic,923,11,0,9.5,15,Referral,No,10014.55
10645,25,Female,Pune,1/15/2022,11/3/2023,Basic,1016,18,2,9.21,,Email,No,18288
10646,58,Female,Mumbai,5/22/2023,2/2/2023,Premium,1420,29,2,92.31,15,Referral,Yes,40967
10647,56,Female,Chennai,4/15/2023,12/13/2022,Standard,866,5,3,68.52,20,Referral,No,4156.8
10648,18,Female,Delhi,4/16/2022,12/18/2021,Basic,1293,24,1,95.11,15,Referral,No,30838.05
10649,20,Female,Delhi,2/14/2023,2/13/2022,Basic,1440,29,1,85.21,20,Ads,No,41472
10650,30,Male,Pune,12/2/2022,9/23/2022,Premium,895,29,0,109.36,5,Ads,Yes,25910.25
10651,45,Male,Hyderabad,3/31/2022,11/5/2023,Standard,1258,26,4,106.87,20,Email,No,32456.4
10652,42,Male,Pune,1/1/2022,11/25/2021,Standard,1312,3,1,95.66,15,Referral,Yes,3739.2
10653,50,Male,Delhi,10/17/2021,6/27/2023,Basic,774,2,1,59.65,15,Email,Yes,1431.9
10654,55,Female,Mumbai,5/24/2023,10/1/2021,Standard,917,25,2,40.43,15,Referral,No,22787.45
10655,23,Female,Hyderabad,2/7/2022,5/8/2022,Basic,940,19,0,63.31,0,Organic,No,17860
10656,61,Female,Pune,2/27/2021,11/18/2021,Basic,561,2,2,62.74,5,Email,No,1093.95
10657,62,Female,Pune,6/5/2022,9/23/2023,Standard,461,19,2,75.18,20,Ads,No,8666.8
10658,49,Other,Delhi,10/31/2021,3/10/2023,Premium,480,1,2,26.4,10,Organic,No,432
10659,62,Female,Delhi,4/25/2021,7/29/2021,Basic,1024,27,0,80.4,20,Ads,No,27443.2
10660,64,Female,Chennai,7/29/2021,5/6/2023,Standard,768,35,4,57.51,15,Organic,No,26764.8
10661,38,Female,Pune,2/10/2021,9/8/2022,Standard,320,5,5,76.32,10,Organic,No,1568
10662,33,Male,Delhi,3/27/2023,7/20/2023,Standard,559,4,2,32.55,10,Organic,No,2180.1
10663,38,Male,Bangalore,6/22/2021,2/15/2022,Premium,765,17,1,54.96,20,Email,No,12852
10664,28,Male,Hyderabad,8/22/2021,6/8/2022,Standard,1439,21,1,29.17,20,Email,No,29931.2
10665,54,Female,Bangalore,3/4/2023,9/3/2021,Basic,836,31,2,105.66,20,Ads,No,25748.8
10666,53,Female,Hyderabad,6/3/2023,10/3/2021,Premium,1251,22,1,61.12,20,Email,No,27271.8
10667,,Male,Pune,8/13/2022,7/11/2021,Standard,1065,11,2,30.87,5,Ads,No,11661.75
10668,36,Male,Chennai,9/12/2022,11/8/2023,Premium,1258,34,3,9.74,0,Referral,No,42772
10669,37,Female,Delhi,3/4/2023,2/9/2022,Standard,1233,15,2,82.71,0,Ads,Yes,18495
10670,35,Male,Delhi,2/7/2022,6/7/2021,Premium,1150,10,2,29.68,20,Ads,Yes,11270
10671,64,Male,Delhi,2/8/2021,9/14/2022,Basic,1491,32,1,118.8,0,Email,No,47712
10672,58,Female,Pune,4/29/2021,5/29/2023,Basic,832,31,5,66.38,20,Ads,No,25625.6
10673,31,Male,Hyderabad,12/1/2021,10/24/2022,Premium,314,28,0,,20,Email,No,8729.2
10674,32,Male,Delhi,12/2/2021,1/2/2023,Basic,349,31,3,80.63,20,Ads,No,10749.2
10675,48,Female,Bangalore,6/23/2022,8/8/2021,Basic,1298,6,0,36.65,5,Referral,Yes,7723.1
10676,18,Female,Delhi,9/8/2022,8/20/2021,Standard,603,14,2,99.33,15,Email,Yes,8351.55
10677,20,Female,Pune,3/15/2021,11/24/2022,Premium,715,23,3,40.45,0,Email,No,16445
10678,33,Male,Chennai,7/10/2021,1/6/2023,Basic,604,16,2,118.65,0,Referral,Yes,9664
10679,40,Male,Bangalore,11/20/2021,2/17/2022,Premium,495,25,2,74.59,5,Email,No,12350.25
10680,28,Male,Delhi,5/27/2021,8/28/2021,Standard,1112,2,2,102.11,5,Ads,Yes,2168.4
10681,29,Female,Delhi,2/6/2023,12/25/2021,Standard,1099,34,3,13.37,20,Organic,No,37146.2
10682,27,Female,Mumbai,10/11/2021,12/30/2021,Premium,687,25,2,45.05,20,Email,No,17037.6
10683,49,Male,,8/1/2021,9/12/2023,Basic,1056,16,0,89.81,15,Organic,No,16737.6
10684,33,Female,Bangalore,9/27/2022,2/21/2022,Basic,754,18,1,80.33,0,Ads,No,13572
10685,25,Male,Mumbai,12/19/2022,3/20/2022,Basic,1012,13,4,27.34,5,Referral,No,13105.4
10686,55,Male,Chennai,1/22/2023,12/24/2021,Standard,1004,27,2,45.96,15,Email,No,26957.4
10687,29,Male,Hyderabad,1/29/2022,4/29/2022,Standard,1147,34,2,35.3,0,Organic,No,38998
10688,41,Male,Bangalore,12/5/2021,8/16/2021,Premium,1450,11,1,75.54,15,Referral,No,15732.5
10689,45,Female,Delhi,3/9/2023,3/15/2022,Standard,474,1,1,44.63,15,Referral,Yes,402.9
10690,25,Female,Bangalore,1/22/2021,7/17/2021,Standard,1457,13,2,40.54,20,Email,No,18649.6
10691,,Male,Delhi,2/10/2023,2/12/2023,Standard,1389,30,1,28.85,15,Organic,No,41461.65
10692,53,Female,Hyderabad,5/19/2023,12/17/2021,Basic,578,5,1,52.04,20,Email,No,2774.4
10693,43,Male,Delhi,4/15/2021,8/1/2022,Basic,1057,18,3,27.48,0,Ads,Yes,19026
10694,25,Female,Chennai,4/11/2022,12/27/2021,Premium,662,14,3,115.7,0,Referral,No,9268
10695,45,Female,Pune,4/4/2022,11/5/2023,Basic,470,13,1,22.77,20,Organic,No,6016
10696,45,Male,Delhi,3/8/2022,7/25/2022,Basic,1374,32,3,110.03,10,Email,No,43830.6
10697,54,Female,Chennai,2/9/2023,11/1/2021,Standard,964,7,3,54.27,15,Referral,No,6603.4
10698,,Male,Pune,12/17/2022,11/4/2022,Basic,891,8,2,48.45,,Email,Yes,7128
10699,53,Male,Hyderabad,4/2/2023,7/20/2022,Premium,1230,7,1,31.6,15,Organic,No,8425.5
10700,44,Male,Hyderabad,2/13/2023,5/19/2022,Basic,1468,16,3,78.11,10,Ads,Yes,23341.2
10701,34,Female,Bangalore,9/11/2022,11/4/2021,Basic,573,31,2,83.84,15,Ads,No,17677.05
10702,26,Female,Chennai,2/2/2023,2/16/2022,Basic,1478,27,2,58.77,10,Ads,No,39758.2
10703,50,Male,Chennai,8/9/2021,8/16/2021,Standard,807,33,2,11.41,5,Email,No,26590.65
10704,37,Female,Mumbai,1/14/2022,7/9/2023,Basic,662,29,3,110.63,10,Referral,Yes,19131.8
10705,30,Female,Mumbai,8/10/2021,10/1/2022,Standard,1147,8,1,117.74,0,Ads,No,9176
10706,45,Female,Pune,9/15/2021,10/9/2021,Premium,954,33,3,,20,Ads,No,31291.2
10707,,Female,Pune,12/14/2022,12/31/2022,Premium,597,19,1,75.57,20,Ads,No,11223.6
10708,30,Female,Mumbai,1/2/2022,8/29/2022,Basic,793,21,5,56.78,15,Ads,No,16534.05
10709,63,Male,Pune,2/9/2023,6/10/2023,Standard,845,21,2,42.02,5,Organic,No,17702.75
10710,52,Male,Delhi,12/15/2021,11/10/2021,Standard,603,25,1,13.89,15,Organic,No,14984.55
10711,23,Other,Mumbai,8/13/2021,6/15/2021,Premium,1203,23,2,57.45,10,Referral,No,27548.7
10712,35,Male,Chennai,12/15/2022,1/18/2022,Premium,538,11,2,99.11,20,Organic,Yes,5810.4
10713,22,Other,Delhi,1/8/2023,12/12/2021,Basic,949,33,1,6.96,10,Organic,Yes,31222.1
10714,64,Female,Pune,8/24/2021,10/9/2023,Standard,1183,20,0,71.94,20,Organic,No,23423.4
10715,42,Male,Hyderabad,7/2/2021,11/24/2022,Basic,1499,25,2,106.29,20,Email,No,37175.2
10716,19,Male,Bangalore,12/13/2022,5/25/2022,Basic,709,26,3,30.02,20,Organic,No,18292.2
10717,27,Male,Mumbai,5/19/2023,9/28/2023,Basic,1025,12,1,26.07,0,Email,No,12300
10718,,Female,Hyderabad,1/28/2023,4/27/2022,Standard,1346,32,2,93.81,,Email,Yes,42937.4
10719,62,Male,Pune,3/20/2022,8/1/2022,Standard,617,33,4,34.33,15,Organic,No,20268.45
10720,22,Male,Chennai,5/15/2023,10/10/2022,Basic,824,10,2,27.08,5,Email,No,8198.8
10721,50,Male,Bangalore,9/15/2022,9/6/2023,Standard,1204,4,2,48.47,15,Ads,No,4635.4
10722,18,Male,Hyderabad,1/6/2021,9/29/2022,Basic,1323,15,2,50.14,10,Referral,No,19712.7
10723,35,Female,Bangalore,8/24/2021,8/17/2023,Standard,919,6,2,105.52,5,Organic,No,5468.05
10724,49,Male,Mumbai,5/7/2021,8/23/2022,Basic,1252,27,3,76.12,15,Organic,Yes,33616.2
10725,64,Female,Pune,4/14/2021,7/18/2022,Basic,1431,5,2,51.69,5,Referral,No,7083.45
10726,28,Male,Chennai,1/19/2023,4/26/2022,Basic,1100,5,1,66.45,10,Organic,No,5390
10727,38,Male,Pune,4/25/2022,6/2/2023,Basic,1215,18,2,114.71,20,Organic,No,21627
10728,43,Male,Bangalore,6/4/2021,11/6/2023,Standard,1499,28,2,18.02,10,Referral,No,41822.1
10729,42,Male,Hyderabad,9/14/2021,10/25/2021,Basic,619,35,1,28.89,0,Email,No,21665
10730,39,Other,Mumbai,8/23/2021,2/14/2022,Standard,1175,22,2,115.69,5,Ads,No,25791.25
10731,44,Female,Mumbai,5/15/2022,3/19/2022,Basic,628,34,0,115.09,10,Email,No,21289.2
10732,30,Male,Pune,10/16/2021,8/20/2023,Standard,1052,4,4,25.37,20,Ads,No,3997.6
10733,50,Female,Hyderabad,5/25/2022,10/21/2021,Standard,956,18,3,21.69,20,Referral,Yes,17016.8
10734,51,Male,Hyderabad,7/6/2022,6/17/2023,Basic,1337,26,2,,10,Email,No,34628.3
10735,58,Male,Bangalore,3/11/2023,2/17/2023,Standard,370,22,5,,15,Email,No,8084.5
10736,52,Other,Pune,12/10/2022,5/31/2022,Basic,1126,33,4,80.31,10,Ads,Yes,37045.4
10737,18,Female,Pune,2/24/2023,8/29/2021,Standard,1164,14,2,13.91,20,Ads,No,16063.2
10738,38,Other,Delhi,6/13/2023,5/21/2023,Basic,1227,31,1,11.67,10,Ads,No,37914.3
10739,23,Male,Pune,2/15/2023,11/11/2021,Standard,405,10,0,60.8,0,Ads,Yes,4050
10740,45,Female,Mumbai,7/23/2022,9/24/2022,Standard,1069,24,0,115.15,15,Organic,No,25495.65
10741,34,Male,Bangalore,10/25/2021,8/23/2021,Premium,1192,21,2,54.08,10,Referral,Yes,24912.8
10742,22,Male,Hyderabad,9/2/2022,8/16/2021,Standard,495,8,0,46,20,Ads,No,3861
10743,48,Female,Pune,5/17/2021,4/4/2023,Standard,444,32,4,119.77,10,Email,No,14163.6
10744,22,Male,Bangalore,1/11/2022,10/30/2022,Basic,770,31,1,66.18,10,Email,No,23793
10745,55,Female,Pune,3/28/2021,9/28/2022,Premium,515,34,2,48.15,5,Email,No,17484.25
10746,20,Female,Hyderabad,2/23/2022,1/11/2023,Standard,1416,23,3,49.37,10,Ads,No,32426.4
10747,40,Male,Chennai,1/24/2023,1/24/2023,Basic,559,25,2,27.42,0,Referral,No,13975
10748,54,Female,Hyderabad,7/18/2021,1/20/2023,Premium,1233,7,5,63.91,,Organic,No,8384.4
10749,54,Female,Hyderabad,4/8/2022,7/22/2023,Basic,874,19,1,55.47,5,Ads,No,16562.3
10750,27,Male,Hyderabad,3/13/2022,9/12/2021,Premium,584,7,0,36.14,10,Ads,No,4029.6
10751,27,Female,Pune,11/6/2021,8/26/2022,Premium,783,8,3,23.46,15,Organic,No,6146.55
10752,36,Female,Delhi,8/19/2022,9/30/2022,Basic,671,14,2,40.79,0,Referral,No,9394
10753,34,Male,Hyderabad,1/24/2023,5/5/2022,Standard,369,1,3,63.5,0,Ads,No,369
10754,38,Female,Mumbai,10/8/2021,4/18/2023,Basic,678,13,2,11.71,0,Email,No,8814
10755,31,Other,Mumbai,11/19/2021,12/18/2022,Basic,601,3,0,22.68,5,Email,No,1772.95
10756,26,Male,Bangalore,2/3/2023,11/17/2023,Basic,554,28,2,113.98,10,Ads,No,15456.6
10757,63,Female,Delhi,12/3/2022,9/21/2022,Standard,1243,15,1,67.43,0,Referral,No,18645
10758,18,Male,Bangalore,6/1/2021,5/24/2023,Basic,991,3,3,12.3,10,Email,No,2873.9
10759,62,Female,Mumbai,10/29/2021,1/28/2023,Basic,1133,4,3,84.71,15,Email,No,4362.05
10760,30,Female,Mumbai,10/5/2021,1/9/2022,Standard,1016,5,1,12.11,10,Organic,Yes,4978.4
10761,21,Male,Chennai,10/13/2022,6/9/2021,Basic,723,26,0,89.97,10,Referral,No,18725.7
10762,18,Male,Hyderabad,11/19/2022,7/23/2021,Basic,512,25,3,91.25,10,Ads,Yes,12748.8
10763,57,Female,Mumbai,1/8/2021,8/16/2021,Basic,399,10,1,79.87,20,Organic,Yes,3910.2
10764,49,Male,Pune,3/18/2023,5/19/2023,Basic,1435,8,6,89.2,5,Organic,No,11408.25
10765,51,Female,Pune,8/23/2021,10/16/2022,Standard,607,12,2,15.12,10,Organic,Yes,7223.3
10766,45,Male,Bangalore,11/6/2022,4/12/2022,Basic,977,3,1,88.58,0,Referral,Yes,2931
10767,48,Female,Bangalore,7/15/2022,8/23/2023,Premium,774,27,2,20.72,,Referral,No,20743.2
10768,25,Female,Hyderabad,10/29/2021,8/31/2023,Standard,411,23,2,44.04,10,Referral,No,9411.9
10769,56,Female,Hyderabad,2/7/2021,9/20/2023,Basic,1410,33,0,113.42,20,Ads,Yes,46248
10770,43,Male,Chennai,5/16/2021,2/14/2023,Basic,482,14,3,62.83,5,Referral,No,6723.9
10771,51,Female,Delhi,4/2/2023,10/11/2023,Basic,896,23,1,116.25,20,Organic,No,20428.8
10772,20,Female,Bangalore,2/25/2022,11/12/2021,Standard,464,31,2,15.23,0,Email,No,14384
10773,29,Male,Hyderabad,8/7/2021,3/6/2022,Basic,1114,13,2,59.92,10,Ads,No,14370.6
10774,18,Male,Bangalore,12/14/2021,6/27/2021,Basic,389,12,3,,0,Ads,Yes,4668
10775,61,Male,Hyderabad,3/19/2023,8/9/2021,Premium,754,35,1,77.47,15,Ads,No,26276.9
10776,22,Female,Mumbai,6/30/2022,1/4/2022,Basic,537,18,1,14.05,20,Organic,Yes,9558.6
10777,47,Female,Bangalore,5/14/2023,5/31/2022,Basic,833,21,2,25.17,20,Referral,No,17326.4
10778,47,Male,Mumbai,3/20/2021,5/2/2023,Premium,1026,1,1,34.77,20,Organic,No,820.8
10779,34,Female,Bangalore,1/18/2023,9/23/2023,Standard,357,9,3,91.11,5,Email,No,3195.15
10780,64,Male,Delhi,6/14/2023,4/2/2022,Basic,841,23,1,,0,Referral,No,19343
10781,40,Male,Chennai,9/30/2021,10/2/2021,Standard,1321,14,4,102.36,15,Email,No,18295.85
10782,32,Other,Pune,6/10/2021,6/19/2021,Basic,917,11,0,20.17,5,Ads,No,10041.15
10783,54,Female,Pune,11/18/2022,2/12/2022,Standard,701,7,2,9.05,5,Ads,No,4871.95
10784,38,Female,Pune,5/28/2023,3/23/2022,Standard,1305,31,5,50.43,10,Organic,No,40324.5
10785,31,Male,Mumbai,11/4/2021,6/22/2021,Premium,1141,24,3,117.64,15,Referral,No,27212.85
10786,19,Female,,1/9/2022,10/28/2023,Premium,1138,26,3,17.69,20,Ads,Yes,29360.4
10787,28,Female,Pune,1/3/2023,8/24/2022,Premium,818,30,2,16.7,20,Organic,No,24376.4
10788,56,Male,Delhi,1/9/2021,12/4/2022,Premium,496,34,4,91.38,10,Email,No,16814.4
10789,55,Female,Pune,3/12/2023,12/2/2022,Standard,345,5,3,40.9,20,Organic,Yes,1656
10790,51,Female,Bangalore,3/20/2022,7/18/2021,Basic,829,5,0,87.49,0,Referral,Yes,4145
10791,55,Female,Mumbai,4/23/2021,4/26/2023,Standard,1299,19,1,28,20,Referral,No,24421.2
10792,51,Male,Bangalore,7/24/2021,1/8/2023,Standard,1075,28,6,57.91,0,Referral,No,30100
10793,35,Female,Bangalore,2/9/2022,5/22/2023,Premium,373,26,4,35.51,10,Ads,Yes,9660.7
10794,47,Female,Bangalore,11/29/2022,11/30/2021,Basic,634,23,5,56.93,10,Organic,Yes,14518.6
10795,32,Male,Chennai,5/3/2023,8/9/2022,Premium,932,30,3,93.45,0,Email,No,27960
10796,44,Female,Chennai,7/16/2021,9/15/2021,Premium,987,3,3,92.63,20,Referral,Yes,2763.6
10797,51,Female,Hyderabad,2/17/2023,12/5/2021,Premium,874,28,0,64.31,10,Organic,No,24384.6
10798,55,Male,Mumbai,2/13/2023,7/16/2023,Premium,595,33,2,111.76,10,Ads,No,19575.5
10799,50,Male,Delhi,1/30/2023,8/25/2021,Basic,1407,3,2,35.34,0,Email,No,4221
10800,41,Female,,4/25/2021,9/14/2023,Basic,1338,5,3,32.64,10,Email,No,6556.2
10801,32,Female,Delhi,5/1/2021,9/21/2023,Basic,1457,19,1,75.59,20,Email,Yes,27391.6
10802,47,Female,Bangalore,10/15/2022,8/30/2022,Basic,777,1,5,76.45,10,Ads,No,699.3
10803,59,Male,Chennai,3/6/2021,10/15/2021,Standard,932,9,7,10.35,0,Referral,No,8388
10804,34,Other,Mumbai,10/3/2021,10/6/2023,Premium,618,5,3,74.89,20,Ads,No,2966.4
10805,22,Male,Bangalore,4/5/2023,11/15/2023,Premium,778,34,2,48.06,15,Email,Yes,26335.3
10806,46,Male,Chennai,8/27/2021,5/2/2022,Standard,667,33,4,90.96,0,Organic,No,22011
10807,,Female,Chennai,10/29/2021,1/28/2023,Basic,666,25,1,97.93,15,Email,No,16550.1
10808,27,Male,,1/27/2022,9/16/2023,Basic,677,29,0,68.5,10,Organic,No,19565.3
10809,34,Male,Pune,6/6/2022,6/27/2023,Basic,762,25,2,5.2,20,Ads,No,18897.6
10810,27,Male,Mumbai,1/4/2022,9/12/2022,Basic,312,9,2,78.18,10,Ads,No,2776.8
10811,34,Male,Mumbai,8/21/2021,1/23/2023,Standard,835,3,0,91.12,20,Ads,Yes,2338
10812,37,Male,Mumbai,7/14/2021,12/23/2022,Basic,1491,15,2,33.63,5,Organic,No,22290.45
10813,41,Other,Bangalore,1/12/2021,7/8/2022,Basic,569,4,0,58.43,10,Ads,No,2219.1
10814,22,Male,Hyderabad,11/20/2022,11/22/2022,Basic,1393,20,1,,10,Referral,Yes,27720.7
10815,51,Female,Mumbai,6/26/2021,8/11/2021,Standard,675,23,0,39.28,10,Email,No,15457.5
10816,23,Female,Pune,8/5/2021,7/22/2023,Standard,1412,8,2,30.66,0,Referral,No,11296
10817,19,Female,Hyderabad,1/11/2021,6/24/2021,Standard,556,33,1,29.25,20,Organic,No,18236.8
10818,30,Male,Bangalore,3/22/2022,2/14/2023,Basic,516,33,1,69.26,20,Ads,Yes,16924.8
10819,60,Female,Hyderabad,9/22/2022,8/21/2023,Premium,749,7,0,114.23,20,Email,No,5093.2
10820,60,Female,Delhi,6/13/2021,9/28/2022,Basic,1193,22,0,75,0,Ads,No,26246
10821,28,Female,Hyderabad,7/5/2022,7/26/2021,Standard,1464,5,1,39.88,20,Ads,Yes,7027.2
10822,64,Female,,2/22/2021,1/9/2022,Standard,1484,15,0,78.44,10,Email,Yes,22111.6
10823,40,Female,Bangalore,8/6/2021,2/22/2023,Standard,331,21,7,76.86,15,Email,No,6901.35
10824,33,Male,Mumbai,12/19/2022,11/26/2021,Premium,1475,25,1,73.65,5,Referral,Yes,36801.25
10825,48,Female,Pune,4/4/2023,8/9/2023,Basic,909,17,4,23.33,20,Referral,Yes,15271.2
10826,28,Female,Delhi,12/26/2021,8/8/2022,Standard,1216,7,2,77.98,0,Referral,No,8512
10827,33,Female,Pune,1/20/2022,8/24/2022,Basic,841,19,4,54.47,0,Referral,No,15979
10828,25,Other,Mumbai,2/25/2021,8/2/2023,Standard,447,7,2,7.14,20,Referral,No,3039.6
10829,21,Male,Mumbai,4/28/2021,11/1/2023,Basic,955,24,2,67.07,15,Organic,No,22776.75
10830,57,Other,Mumbai,6/19/2023,10/5/2022,Basic,366,11,2,118.77,20,Organic,No,3952.8
10831,21,Male,Chennai,9/10/2021,12/6/2021,Standard,869,1,4,45.22,0,Ads,No,869
10832,42,Male,Delhi,3/9/2023,12/30/2022,Standard,1047,32,1,116.04,5,Ads,No,33451.65
10833,20,Male,Mumbai,2/19/2023,8/19/2023,Basic,742,2,2,16.06,15,Referral,No,1372.7
10834,49,Male,Mumbai,3/14/2023,7/25/2022,Standard,1196,15,3,89.23,20,Ads,No,17700.8
10835,20,Female,Pune,4/25/2023,2/4/2022,Standard,698,21,5,18.15,5,Organic,No,14623.1
10836,44,Male,,6/29/2021,1/9/2023,Basic,1451,24,1,36.46,20,Organic,No,34533.8
10837,46,Male,Mumbai,2/19/2022,3/11/2023,Standard,781,17,2,70.65,15,Ads,Yes,13159.85
10838,49,Female,Bangalore,5/20/2023,11/11/2021,Standard,1247,9,0,73.17,0,Referral,No,11223
10839,36,Female,Chennai,8/23/2021,6/15/2023,Standard,485,35,3,94.15,15,Organic,No,16902.25
10840,38,Female,Pune,5/5/2023,2/10/2022,Basic,468,20,3,75.76,10,Email,No,9313.2
10841,22,Female,Bangalore,12/9/2022,9/19/2022,Basic,806,19,0,73.27,,Email,No,15152.8
10842,35,Female,Chennai,3/31/2023,8/15/2023,Standard,820,18,1,109.92,5,Ads,No,14719
10843,45,Male,Mumbai,3/21/2021,7/22/2022,Premium,460,20,0,57,5,Referral,Yes,9177
10844,59,Male,Delhi,10/9/2022,11/17/2021,Standard,639,30,0,30.91,15,Ads,No,19074.15
10845,39,Female,Hyderabad,1/22/2021,4/13/2022,Basic,1429,1,1,23.61,15,Referral,No,1214.65
10846,38,Male,Hyderabad,4/22/2022,11/21/2021,Standard,1003,24,3,51,15,Referral,No,23921.55
10847,23,Female,Mumbai,4/23/2023,9/13/2022,Premium,1476,24,2,86.97,5,Email,No,35350.2
10848,18,Male,Pune,3/16/2022,5/11/2022,Basic,1122,19,5,9.89,0,Organic,No,21318
10849,22,Male,Bangalore,1/7/2023,8/19/2022,Premium,1084,30,2,19.84,5,Organic,Yes,32465.8
10850,58,Female,Delhi,7/24/2022,6/18/2021,Premium,1472,26,2,17.2,0,Ads,No,38272
10851,29,Female,Chennai,4/3/2021,8/9/2021,Basic,430,29,2,72.3,15,Ads,No,12405.5
10852,43,Female,Mumbai,7/11/2021,5/4/2022,Premium,815,13,1,,10,Referral,No,10513.5
10853,63,Female,Delhi,4/13/2021,2/18/2023,Basic,835,4,2,24.12,5,Organic,Yes,3298.25
10854,51,Male,Delhi,1/31/2022,1/13/2023,Premium,1040,17,1,73.17,15,Referral,No,17524
10855,31,Male,Pune,1/7/2021,11/9/2022,Basic,1080,33,0,92.55,5,Email,No,35586
10856,43,Female,Chennai,10/2/2022,4/19/2023,Basic,887,5,4,43.2,15,Email,Yes,4301.95
10857,62,Female,Delhi,7/21/2022,8/30/2022,Standard,1025,28,1,71.49,5,Referral,No,28648.75
10858,44,Male,Pune,8/19/2021,2/24/2022,Standard,1242,24,3,16.28,20,Referral,Yes,29559.6
10859,26,Female,Bangalore,5/24/2023,2/21/2023,Basic,1296,17,1,112.55,5,Referral,Yes,21967.2
10860,43,Male,Pune,7/28/2022,8/20/2023,Standard,675,11,2,,20,Referral,No,7290
10861,64,Male,Bangalore,8/28/2021,12/5/2021,Basic,1481,12,2,119.71,0,Referral,No,17772
10862,39,Male,Bangalore,3/31/2021,12/21/2022,Basic,503,13,1,117.54,5,Email,No,6513.85
10863,64,Female,Delhi,8/20/2021,5/12/2023,Basic,1288,8,2,94.56,0,Email,No,10304
10864,,Female,Pune,4/2/2022,11/11/2022,Standard,960,1,0,7.31,10,Email,No,864
10865,60,Male,Bangalore,8/21/2021,8/8/2022,Basic,374,9,2,67.5,20,Ads,No,3291.2
10866,34,Female,Chennai,12/20/2021,3/15/2022,Basic,1040,28,1,14.99,5,Email,No,29068
10867,43,Male,Delhi,11/29/2021,12/19/2022,Basic,603,2,1,107.94,0,Organic,No,1206
10868,53,Male,Pune,3/15/2022,10/12/2022,Basic,1385,14,0,95.81,15,Organic,No,19182.25
10869,18,Male,Pune,1/10/2022,8/15/2022,Standard,869,13,3,116.82,0,Referral,No,11297
10870,25,Male,Hyderabad,10/19/2021,7/21/2023,Premium,1085,2,1,74.96,5,Email,No,2115.75
10871,52,Male,Pune,12/11/2021,3/30/2022,Basic,1431,4,2,65.05,10,Referral,Yes,5580.9
10872,32,Female,Delhi,10/26/2022,8/26/2021,Premium,1286,12,1,64.68,20,Referral,Yes,15174.8
10873,64,Female,Chennai,3/4/2022,9/8/2023,Standard,528,10,5,49.44,15,Organic,No,5200.8
10874,39,Female,Pune,10/19/2022,8/12/2022,Standard,1371,3,1,58.9,0,Organic,Yes,4113
10875,31,Male,Hyderabad,5/10/2021,11/23/2022,Standard,567,4,4,78.07,5,Referral,Yes,2239.65
10876,43,Male,Delhi,5/21/2021,6/22/2021,Premium,1026,6,1,112.29,5,Organic,No,6104.7
10877,45,Male,,2/19/2022,9/11/2023,Basic,1101,23,0,73.53,20,Referral,Yes,25102.8
10878,40,Male,Mumbai,4/3/2021,8/6/2023,Standard,553,5,3,103.57,15,Referral,No,2682.05
10879,31,Female,Mumbai,9/18/2022,12/12/2022,Standard,1256,3,3,104.22,0,Referral,No,3768
10880,41,Male,Bangalore,10/11/2021,10/30/2022,Standard,1169,10,2,64.67,0,Ads,Yes,11690
10881,19,Female,,10/17/2022,7/2/2023,Premium,386,19,3,44.96,0,Organic,Yes,7334
10882,62,Female,Mumbai,8/11/2021,4/6/2023,Basic,1348,14,2,78.55,20,Organic,Yes,18602.4
10883,43,Male,Mumbai,1/14/2023,10/16/2022,Standard,521,21,2,,20,Email,No,10836.8
10884,,Female,Bangalore,4/8/2022,5/15/2023,Standard,1289,28,1,14.37,15,Organic,No,35898.65
10885,24,Female,Pune,6/29/2022,9/10/2022,Basic,696,21,2,48.45,0,Email,No,14616
10886,20,Female,Pune,10/3/2021,9/9/2021,Basic,1237,24,3,119.32,0,Referral,No,29688
10887,64,Female,Bangalore,11/13/2022,1/4/2023,Standard,810,17,1,10.58,15,Ads,No,13648.5
10888,40,Male,Pune,5/20/2021,4/6/2023,Premium,860,22,2,85.12,15,Referral,No,18791
10889,63,Male,Pune,12/23/2021,4/16/2023,Standard,1145,19,2,,,Referral,Yes,21583.25
10890,60,Male,Delhi,12/14/2022,10/19/2021,Premium,739,10,2,79.6,5,Referral,No,7353.05
10891,64,Male,Delhi,1/23/2021,10/16/2021,Basic,1498,11,2,70.52,15,Email,No,16253.3
10892,62,Female,Bangalore,1/6/2023,12/30/2022,Basic,610,2,1,86.37,10,Ads,Yes,1159
10893,35,Male,Chennai,5/30/2023,5/11/2023,Basic,334,33,2,54.37,20,Referral,No,10955.2
10894,55,Female,Mumbai,9/27/2021,9/18/2023,Basic,516,31,0,15.51,15,Email,Yes,15918.6
10895,52,Female,Delhi,5/9/2023,1/14/2022,Basic,1020,35,3,115.67,5,Referral,No,35649
10896,32,Male,Mumbai,10/27/2022,3/8/2022,Basic,1315,23,3,54.71,10,Ads,Yes,30113.5
10897,42,Male,,11/29/2021,4/15/2023,Standard,818,26,1,81.52,5,Referral,Yes,21227.1
10898,54,Female,Bangalore,3/26/2021,9/6/2023,Standard,568,25,3,66.1,5,Referral,No,14171.6
10899,45,Female,Chennai,9/13/2022,8/5/2022,Basic,937,17,6,11.29,5,Organic,No,15882.15
10900,27,Female,Hyderabad,1/31/2021,7/10/2021,Basic,774,15,4,114.57,5,Email,No,11571.3
10901,56,Male,Hyderabad,1/11/2023,11/1/2022,Basic,389,4,1,96.14,0,Ads,No,1556
10902,34,Male,Pune,8/28/2021,4/17/2023,Standard,1365,22,1,22.15,20,Email,No,29757
10903,56,Male,Hyderabad,6/9/2023,3/25/2023,Basic,1281,17,0,117.89,0,Organic,No,21777
10904,39,Male,Bangalore,12/29/2021,12/28/2021,Basic,587,22,0,89.74,10,Referral,No,12855.3
10905,43,Female,Delhi,4/2/2023,3/29/2022,Premium,780,17,2,59.32,0,Ads,Yes,13260
10906,61,Female,Bangalore,1/24/2022,8/25/2021,Premium,936,14,1,75.31,10,Ads,No,13010.4
10907,42,Female,Delhi,10/15/2022,7/2/2022,Basic,800,14,2,17.27,15,Email,No,11080
10908,34,Female,Hyderabad,10/30/2022,2/8/2022,Basic,351,17,5,69.45,10,Referral,No,5931.9
10909,30,Female,Hyderabad,10/26/2021,11/15/2022,Basic,402,8,5,13.47,0,Organic,No,3216
10910,37,Male,Chennai,5/7/2023,7/9/2023,Standard,998,34,2,67.66,0,Referral,Yes,33932
10911,42,Male,,1/6/2022,11/8/2023,Standard,1337,26,3,68.56,10,Email,No,34628.3
10912,21,Female,Hyderabad,4/9/2021,6/16/2022,Basic,769,30,2,105.56,0,Ads,No,23070
10913,27,Male,Pune,2/16/2021,8/18/2022,Standard,726,22,2,88.38,10,Ads,No,15899.4
10914,20,Female,Mumbai,4/19/2023,7/3/2021,Basic,409,16,0,33.7,5,Referral,No,6523.55
10915,58,Female,Chennai,2/26/2022,2/15/2022,Basic,814,30,2,107.17,20,Referral,No,24257.2
10916,62,Male,Bangalore,4/25/2022,1/20/2022,Basic,367,16,1,70.92,10,Referral,No,5835.3
10917,35,Female,Chennai,8/2/2022,10/28/2022,Standard,688,24,4,74.73,5,Referral,No,16477.6
10918,64,Female,Mumbai,3/3/2021,10/7/2023,Basic,607,35,0,24.43,5,Organic,No,21214.65
10919,53,Female,Delhi,4/19/2021,4/4/2022,Basic,1389,6,4,103.64,5,Organic,No,8264.55
10920,64,Female,Bangalore,11/10/2022,6/9/2023,Basic,759,4,6,112.06,5,Organic,No,2998.05
10921,39,Female,Bangalore,7/3/2022,8/5/2023,Basic,646,18,3,94.12,10,Organic,No,11563.4
10922,51,Male,Delhi,4/29/2021,8/9/2021,Standard,624,6,2,113.19,0,Email,No,3744
10923,64,Male,Chennai,8/21/2022,8/28/2022,Basic,966,26,2,39.76,5,Ads,No,25067.7
10924,25,Female,Hyderabad,1/17/2022,8/13/2022,Basic,1356,27,1,104.03,15,Ads,Yes,36408.6
10925,,Female,Chennai,1/27/2022,9/3/2023,Standard,367,11,2,61.22,5,Email,No,4018.65
10926,61,Male,Mumbai,2/21/2021,5/30/2022,Standard,486,16,2,23.85,0,Email,No,7776
10927,36,Male,Pune,8/26/2022,7/6/2023,Premium,491,19,2,81.91,0,Organic,No,9329
10928,59,Female,Hyderabad,10/16/2021,9/24/2022,Standard,727,15,2,83.67,20,Referral,No,10759.6
10929,58,Female,Chennai,12/3/2021,10/22/2021,Basic,1431,26,3,38,20,Ads,No,36919.8
10930,54,Female,Pune,3/21/2023,6/24/2021,Standard,515,31,2,8.16,5,Email,No,15939.25
10931,23,Female,Pune,7/23/2021,7/30/2022,Standard,476,19,1,27.98,5,Referral,No,9020.2
10932,43,Male,Delhi,5/30/2023,6/16/2023,Basic,860,24,2,50.97,20,Organic,No,20468
10933,51,Male,Mumbai,8/26/2021,9/23/2023,Premium,1180,9,2,24.27,5,Email,No,10561
10934,62,Female,Mumbai,1/17/2022,11/22/2021,Basic,925,23,3,27.31,15,Ads,No,21136.25
10935,23,Male,Mumbai,10/29/2022,9/22/2023,Premium,906,4,2,50.01,10,Ads,No,3533.4
10936,54,Male,Hyderabad,1/22/2023,4/21/2022,Premium,478,10,3,115.61,20,Ads,No,4684.4
10937,50,Male,Bangalore,5/16/2021,10/17/2023,Standard,694,9,1,92.89,20,Email,No,6107.2
10938,39,Female,Hyderabad,2/11/2022,4/2/2023,Premium,1468,19,3,41.77,,Ads,No,27892
10939,38,Female,Chennai,5/23/2022,10/8/2023,Standard,1175,15,3,114.43,5,Organic,No,17566.25
10940,23,Male,Pune,12/28/2021,5/14/2022,Basic,1261,34,4,79.25,20,Ads,No,42621.8
10941,23,Male,Pune,1/16/2022,8/7/2023,Basic,497,19,3,57.38,20,Organic,No,9343.6
10942,21,Female,Bangalore,5/31/2023,6/18/2021,Basic,1268,21,2,58.85,15,Ads,No,26437.8
10943,47,Other,Chennai,7/30/2022,7/14/2021,Basic,1407,34,1,52.24,5,Organic,No,47767.65
10944,28,Male,Bangalore,9/27/2022,11/2/2021,Standard,968,17,5,31.79,10,Email,No,16359.2
10945,47,Female,Pune,9/11/2021,10/15/2023,Basic,1408,18,0,49.46,15,Organic,No,25132.8
10946,48,Male,Hyderabad,4/22/2022,6/12/2022,Basic,756,17,0,65.71,10,Email,Yes,12776.4
10947,41,Female,Mumbai,4/24/2021,6/13/2023,Standard,371,2,3,65.72,0,Referral,No,742
10948,26,Male,Pune,1/20/2021,10/31/2023,Premium,522,1,4,92.6,,Organic,No,417.6
10949,20,Male,Delhi,6/12/2022,9/6/2023,Basic,575,10,2,46.26,15,Email,No,5663.75
10950,48,Female,Mumbai,5/25/2021,7/7/2022,Basic,872,5,5,87.43,10,Referral,No,4272.8
10951,57,Female,Pune,7/27/2021,1/11/2022,Basic,1223,12,1,71.48,5,Ads,No,14614.85
10952,54,Male,Hyderabad,6/15/2022,1/3/2022,Standard,770,31,0,115.61,0,Referral,Yes,23870
10953,53,Female,Bangalore,1/11/2022,12/20/2022,Basic,753,9,3,49.31,0,Organic,No,6777
10954,41,Male,Mumbai,5/19/2022,7/1/2021,Standard,1268,26,2,108.64,20,Referral,No,32714.4
10955,48,Female,Hyderabad,6/15/2021,10/17/2023,Basic,306,15,2,99.37,20,Ads,Yes,4528.8
10956,23,Male,Chennai,7/4/2022,7/29/2021,Basic,487,16,1,78.33,10,Referral,No,7743.3
10957,19,Female,Delhi,6/30/2021,11/9/2023,Premium,303,13,2,80.27,10,Organic,No,3908.7
10958,37,Male,Mumbai,5/11/2023,11/15/2023,Basic,1206,25,2,14.73,0,Organic,Yes,30150
10959,45,Female,Bangalore,9/9/2022,5/19/2022,Basic,1448,30,5,114.28,10,Email,Yes,43295.2
10960,28,Female,Chennai,9/4/2022,8/19/2022,Basic,1338,7,3,17.3,20,Ads,No,9098.4
10961,21,Female,Hyderabad,8/25/2022,1/21/2022,Standard,1259,4,0,69.77,,Ads,No,5036
10962,32,Female,Delhi,3/23/2023,9/15/2021,Standard,824,30,4,42.96,,Referral,No,24720
10963,23,Female,Bangalore,3/20/2022,12/8/2021,Basic,929,10,1,54.43,5,Ads,No,9243.55
10964,47,Male,Hyderabad,11/28/2021,11/12/2022,Basic,1074,30,5,75.17,5,Organic,Yes,32166.3
10965,55,Male,Hyderabad,5/18/2022,6/8/2023,Basic,659,7,1,109.52,10,Referral,Yes,4547.1
10966,19,Female,Mumbai,3/20/2021,4/10/2023,Standard,817,35,5,57.62,10,Email,No,28513.3
10967,32,Male,Mumbai,8/8/2022,1/4/2023,Standard,1353,24,1,118.59,20,Referral,No,32201.4
10968,28,Female,Bangalore,11/19/2022,10/22/2023,Standard,1220,20,1,73.17,20,Referral,No,24156
10969,25,Other,Pune,1/31/2022,12/18/2022,Standard,1479,32,3,23.46,5,Email,No,47254.05
10970,43,Male,,8/31/2022,1/31/2022,Basic,1151,26,1,26.85,0,Referral,No,29926
10971,62,Female,Hyderabad,5/7/2023,10/10/2023,Basic,1234,26,1,87.35,15,Ads,Yes,31898.9
10972,61,Male,Mumbai,4/13/2021,8/15/2021,Basic,1200,35,2,10.8,15,Referral,No,41820
10973,22,Female,Delhi,2/6/2022,11/29/2022,Basic,698,35,3,60.24,10,Referral,No,24360.2
10974,23,Male,Delhi,8/12/2021,2/22/2022,Basic,467,12,1,22.05,15,Referral,No,5533.95
10975,43,Male,Hyderabad,6/2/2022,4/13/2022,Standard,676,33,4,54.82,15,Organic,No,22206.6
10976,21,Female,Mumbai,9/26/2022,8/21/2023,Standard,906,14,0,91.24,5,Organic,No,12638.7
10977,36,Female,Bangalore,8/24/2021,9/29/2021,Premium,1310,33,2,57.76,0,Ads,No,43230
10978,37,Female,Bangalore,3/3/2022,9/14/2023,Basic,888,24,1,,20,Email,No,21134.4
10979,50,Female,Bangalore,4/26/2021,6/25/2021,Standard,1494,15,2,33.97,5,Organic,Yes,22335.3
10980,37,Male,Delhi,6/12/2021,8/6/2022,Premium,1477,31,2,47.27,20,Organic,No,45491.6
10981,29,Female,Mumbai,8/14/2021,11/7/2021,Standard,347,17,2,13,5,Ads,No,5881.65
10982,64,Male,Mumbai,8/18/2021,1/17/2023,Basic,1324,12,3,72.2,5,Ads,Yes,15821.8
10983,18,Female,Delhi,7/1/2021,9/22/2021,Basic,1430,22,3,74.87,15,Email,No,31245.5
10984,43,Female,Bangalore,9/6/2021,6/5/2023,Basic,472,23,3,12.15,20,Referral,Yes,10761.6
10985,31,Female,Bangalore,11/14/2021,11/17/2023,Basic,805,26,2,51.27,5,Referral,Yes,20889.75
10986,55,Female,Hyderabad,7/29/2021,10/15/2022,Standard,1453,14,4,52.61,15,Email,No,20124.05
10987,54,Male,,10/18/2022,11/13/2021,Basic,697,12,3,43.39,10,Email,No,8294.3
10988,28,Female,Chennai,1/27/2022,5/4/2023,Basic,593,4,6,69.14,20,Email,Yes,2253.4
10989,53,Male,Pune,5/7/2023,11/22/2021,Standard,851,13,3,44.79,5,Ads,Yes,11020.45
10990,30,Female,Mumbai,4/6/2021,6/1/2021,Standard,1149,18,1,52.89,10,Referral,No,20567.1
10991,60,Male,Mumbai,6/13/2023,11/16/2023,Standard,1339,28,2,96.72,15,Email,No,37291.15
10992,20,Female,Mumbai,5/8/2023,6/11/2023,Standard,1184,19,7,23.64,5,Email,No,22436.8
10993,50,Female,,1/26/2023,8/25/2021,Basic,1303,3,2,76.2,,Referral,No,3713.55
10994,23,Male,Chennai,3/27/2021,12/26/2022,Basic,433,19,1,63.14,15,Referral,No,8162.05
10995,27,Male,Hyderabad,2/19/2022,4/16/2022,Basic,1070,20,5,40.08,,Ads,No,21239.5
10996,22,Female,Pune,1/29/2022,7/6/2022,Standard,807,25,3,88.67,20,Organic,No,20013.6
10997,40,Male,Chennai,11/27/2022,6/17/2022,Premium,1389,11,5,68.39,10,Organic,No,15140.1
10998,27,Male,Bangalore,9/25/2022,5/19/2023,Basic,779,17,2,59.9,,Ads,No,13165.1
10999,61,Male,Bangalore,4/24/2023,2/7/2023,Standard,1162,35,0,,0,Ads,No,40670
11000,19,Male,Mumbai,5/16/2022,4/14/2022,Basic,758,14,0,97.26,5,Referral,No,10574.1
11001,30,Female,Delhi,8/27/2022,8/12/2023,Standard,925,19,1,116.86,15,Ads,No,17436.25
11002,57,Female,Mumbai,8/5/2022,2/5/2022,Basic,458,3,2,77.38,5,Ads,No,1351.1
11003,19,Male,Delhi,5/13/2021,11/7/2022,Basic,460,34,3,105.56,,Email,No,15594
11004,37,Male,Chennai,3/2/2023,4/6/2023,Premium,1239,22,2,5.13,10,Ads,No,27134.1
11005,18,Male,Bangalore,10/11/2022,12/7/2022,Standard,454,27,2,,15,Ads,No,12189.9
11006,54,Male,Pune,11/10/2021,11/15/2023,Standard,785,21,3,29.68,20,Email,No,16328
11007,26,Male,Delhi,11/30/2022,2/13/2023,Basic,731,31,1,15.83,15,Referral,Yes,22551.35
11008,,Male,Chennai,8/9/2021,5/18/2023,Basic,1350,27,7,66.18,15,Referral,No,36247.5
11009,26,Male,Bangalore,3/14/2022,11/13/2023,Basic,1303,2,2,90.89,0,Ads,No,2606
11010,28,Female,Pune,2/15/2021,2/11/2022,Premium,1335,9,6,52.41,20,Ads,No,11748
11011,32,Male,Delhi,3/1/2023,4/3/2022,Premium,366,19,1,82.06,5,Organic,No,6935.7
11012,41,Female,Mumbai,7/11/2021,10/22/2021,Basic,841,10,0,61.32,20,Email,Yes,8241.8
11013,55,Female,Mumbai,6/4/2022,3/20/2023,Basic,395,7,1,55.26,15,Organic,Yes,2705.75
11014,52,Female,Mumbai,1/14/2022,6/26/2022,Premium,514,4,6,38.38,15,Ads,Yes,1978.9
11015,47,Female,Chennai,2/27/2023,8/22/2023,Basic,493,15,2,49,15,Organic,Yes,7321.05
11016,48,Female,Mumbai,11/22/2022,4/7/2023,Standard,1184,12,2,45.23,,Organic,No,14030.4
11017,22,Female,Hyderabad,11/30/2021,11/16/2021,Basic,338,6,1,79.31,15,Referral,No,1977.3
11018,61,Female,Bangalore,2/8/2021,3/25/2022,Standard,1238,9,1,18.34,20,Email,No,10894.4
11019,31,Female,Chennai,10/20/2021,1/19/2022,Standard,1238,35,1,15.65,15,Referral,No,43144.3
11020,,Female,Pune,11/21/2022,2/26/2022,Premium,505,8,1,,10,Referral,No,3989.5
11021,26,Female,Mumbai,6/11/2021,7/30/2021,Standard,1241,7,2,67.82,10,Organic,Yes,8562.9
11022,51,Male,Bangalore,11/27/2021,3/23/2022,Basic,854,4,2,54.47,0,Email,No,3416
11023,29,Male,Delhi,6/5/2023,9/10/2022,Standard,783,13,2,22.53,5,Ads,Yes,10139.85
11024,52,Male,Mumbai,4/14/2021,1/21/2022,Premium,1070,19,0,52.27,10,Email,No,20223
11025,52,Female,Bangalore,6/10/2021,4/8/2023,Basic,548,7,1,95.82,0,Referral,No,3836
11026,18,Female,Hyderabad,3/10/2023,5/7/2023,Basic,1397,10,4,107.31,20,Organic,No,13690.6
11027,57,Female,Delhi,9/27/2022,1/20/2022,Basic,672,25,5,85.8,5,Ads,Yes,16766.4
11028,39,Female,Hyderabad,2/23/2021,6/3/2022,Standard,1178,35,2,11.89,15,Referral,No,41053.3
11029,46,Male,Pune,2/3/2021,4/26/2023,Basic,1134,25,4,82.1,15,Organic,No,28179.9
11030,25,Male,Bangalore,8/30/2021,9/23/2023,Standard,1170,29,0,32.71,20,Referral,No,33696
11031,28,Female,Hyderabad,6/9/2023,1/18/2022,Basic,1001,12,3,41.25,5,Organic,No,11961.95
11032,58,Female,Pune,4/23/2021,10/21/2023,Premium,437,12,6,27.53,10,Email,Yes,5200.3
11033,54,Other,Bangalore,11/14/2021,10/4/2022,Basic,1247,6,0,94.21,5,Referral,No,7419.65
11034,31,Male,Bangalore,1/23/2021,2/9/2023,Basic,756,10,6,79.59,,Email,No,7560
11035,47,Female,Hyderabad,7/12/2022,10/16/2022,Standard,1113,2,2,75.36,20,Email,No,2003.4
11036,52,Female,Bangalore,4/4/2023,11/7/2023,Standard,1122,25,3,81.82,10,Organic,No,27937.8
11037,38,Female,Mumbai,10/9/2022,6/5/2023,Basic,1241,7,3,32.23,5,Ads,Yes,8624.95
11038,,Female,,4/28/2021,1/13/2023,Basic,743,23,0,56.13,5,Email,No,17051.85
11039,22,Female,Chennai,12/2/2022,6/16/2023,Basic,652,11,1,77.82,10,Referral,No,7106.8
11040,36,Male,Pune,10/5/2022,6/16/2022,Standard,1295,23,1,78.21,0,Referral,No,29785
11041,31,Female,Bangalore,7/31/2021,4/27/2023,Standard,1093,7,1,96.06,0,Organic,No,7651
11042,43,Female,Chennai,2/22/2022,8/2/2022,Standard,710,27,2,38.02,5,Email,No,19134.5
11043,21,Female,Bangalore,4/23/2021,4/28/2023,Standard,977,13,6,93.59,15,Ads,No,12554.45
11044,42,Female,Bangalore,2/13/2021,3/8/2023,Standard,752,17,2,55.62,10,Ads,No,12708.8
11045,62,Male,Hyderabad,5/8/2021,6/2/2023,Basic,718,32,3,82.07,0,Referral,No,22976
11046,,Male,Mumbai,5/26/2023,8/9/2023,Premium,749,26,2,57.41,0,Organic,No,19474
11047,42,Other,Pune,6/7/2021,5/30/2022,Premium,1294,22,7,114.09,0,Email,No,28468
11048,35,Female,Mumbai,2/24/2023,12/19/2021,Basic,1438,13,3,25.62,20,Referral,No,18406.4
11049,,Female,Delhi,4/7/2023,10/30/2023,Basic,350,12,1,82.63,15,Organic,No,4147.5
11050,25,Male,Hyderabad,1/29/2022,10/24/2021,Basic,509,7,2,71.3,0,Ads,No,3563
11051,56,Female,Hyderabad,5/17/2023,9/14/2023,Basic,1187,1,2,24.86,15,Referral,Yes,1008.95
11052,57,Female,Mumbai,5/2/2023,3/1/2023,Standard,1297,33,2,12.59,5,Organic,Yes,42736.15
11053,31,Female,Hyderabad,5/27/2022,8/31/2022,Standard,1292,14,1,96.9,5,Ads,Yes,18023.4
11054,49,Male,Mumbai,2/14/2021,10/13/2021,Standard,1149,17,1,23.11,20,Organic,No,19303.2
11055,55,Female,Hyderabad,4/18/2021,2/16/2023,Standard,926,4,1,,15,Referral,No,3565.1
11056,50,Female,Bangalore,8/7/2021,2/19/2022,Standard,978,1,1,117.52,10,Email,No,880.2
11057,40,Male,Mumbai,3/19/2022,8/3/2021,Standard,1076,24,2,87.48,20,Organic,No,25608.8
11058,32,Female,Mumbai,4/10/2023,10/4/2022,Basic,962,34,2,33.81,0,Email,No,32708
11059,50,Female,Chennai,11/11/2021,3/9/2023,Basic,567,34,2,72.96,5,Referral,No,19249.65
11060,42,Female,Hyderabad,6/26/2021,7/11/2021,Standard,415,24,0,66.42,5,Ads,No,9939.25
11061,34,Female,Hyderabad,8/16/2021,3/23/2022,Basic,1053,15,2,102.11,10,Organic,Yes,15689.7
11062,50,Male,Mumbai,12/4/2022,6/3/2021,Basic,1363,17,5,88.87,20,Ads,No,22898.4
11063,64,Male,Bangalore,11/3/2022,5/7/2023,Premium,481,13,2,100.65,15,Email,No,6180.85
11064,19,Male,Bangalore,9/24/2021,9/18/2021,Standard,1202,7,2,29.32,5,Email,No,8353.9
11065,31,Male,Pune,5/20/2023,1/7/2022,Basic,1442,9,2,78.63,0,Ads,No,12978
11066,57,Female,Bangalore,4/18/2023,6/5/2022,Standard,1245,35,2,9.63,10,Referral,Yes,43450.5
11067,57,Male,Hyderabad,1/14/2022,6/3/2022,Standard,557,23,2,12.93,10,Email,No,12755.3
11068,56,Female,Chennai,5/4/2022,8/10/2022,Basic,808,23,4,87.06,10,Referral,No,18503.2
11069,23,Other,Mumbai,12/3/2022,6/4/2021,Basic,391,26,4,7.81,0,Ads,No,10166
11070,23,Female,Delhi,11/18/2022,1/30/2022,Premium,1484,1,3,71.67,10,Referral,No,1335.6
11071,20,Female,Chennai,10/17/2021,11/13/2021,Basic,448,14,2,101.65,15,Email,No,6204.8
11072,24,Female,,12/23/2021,6/26/2021,Basic,416,32,1,48.69,15,Ads,No,13249.6
11073,25,Female,Chennai,10/19/2022,6/30/2022,Standard,757,10,1,,20,Referral,No,7418.6
11074,59,Male,Bangalore,1/14/2023,9/17/2022,Standard,864,1,2,87.09,20,Referral,No,691.2
11075,32,Male,Hyderabad,5/22/2023,6/17/2021,Basic,1113,5,3,111.91,,Organic,Yes,5398.05
11076,64,Female,Delhi,7/23/2021,5/29/2023,Basic,344,3,2,87.47,0,Email,No,1032
11077,46,Female,Chennai,8/1/2021,8/31/2021,Basic,1073,27,2,71.52,20,Organic,No,28756.4
11078,50,Female,Hyderabad,7/6/2022,9/26/2022,Premium,533,22,2,31.45,10,Referral,No,11672.7
11079,47,Female,Delhi,2/26/2023,11/25/2022,Basic,496,18,4,6.77,15,Email,No,8853.6
11080,56,Female,Mumbai,11/19/2021,12/22/2021,Standard,324,16,4,84.89,5,Ads,No,5167.8
11081,44,Male,Chennai,8/17/2022,10/15/2022,Premium,694,2,4,31.57,0,Ads,No,1388
11082,53,Other,Mumbai,6/30/2021,7/5/2022,Basic,1013,13,4,103.69,0,Ads,No,13169
11083,46,Female,Bangalore,5/14/2022,12/24/2021,Premium,1359,16,1,58.63,15,Referral,No,21540.15
11084,55,Male,Mumbai,11/16/2021,2/9/2023,Premium,522,8,1,66.02,5,Referral,No,4149.9
11085,,Female,Mumbai,3/24/2021,10/24/2021,Premium,1163,8,0,91.7,0,Ads,No,9304
11086,54,Male,Pune,10/30/2021,10/27/2023,Basic,829,10,1,94.63,20,Organic,Yes,8124.2
11087,44,Female,Chennai,9/19/2021,9/9/2021,Standard,556,33,2,78.9,5,Organic,No,18320.2
11088,50,Female,Bangalore,2/23/2023,10/28/2023,Standard,953,31,4,112.92,10,Email,Yes,29447.7
11089,21,Male,Mumbai,7/19/2021,9/8/2023,Premium,1459,12,2,117.96,20,Email,No,17216.2
11090,39,Female,Hyderabad,8/28/2021,10/28/2023,Basic,890,9,2,113.89,5,Ads,Yes,7965.5
11091,19,Female,Delhi,11/23/2022,1/27/2022,Standard,743,9,4,99.78,15,Referral,No,6575.55
11092,27,Male,Mumbai,11/14/2022,6/29/2023,Basic,717,18,1,86.15,0,Referral,Yes,12906
11093,22,Male,Bangalore,10/22/2021,11/10/2021,Basic,873,30,1,81.28,20,Email,No,26015.4
11094,27,Female,Mumbai,5/27/2022,11/1/2023,Basic,428,32,3,16.93,15,Ads,No,13631.8
11095,50,Male,Delhi,11/20/2022,11/20/2021,Standard,1310,23,1,36.22,5,Email,Yes,30064.5
11096,55,Male,Bangalore,5/31/2023,10/15/2022,Standard,640,11,2,5.65,10,Organic,No,6976
11097,30,Male,Chennai,1/31/2022,11/29/2022,Standard,1109,20,1,20.8,0,Ads,No,22180
11098,,Male,Bangalore,1/19/2023,3/11/2022,Premium,1291,19,0,55.51,0,Ads,No,24529
11099,,Female,Chennai,5/18/2021,5/25/2022,Basic,399,26,4,21.85,20,Ads,No,10294.2
11100,53,Female,Bangalore,4/19/2023,6/16/2022,Standard,338,10,1,108.69,15,Organic,No,3329.3
11101,62,Male,Delhi,5/28/2023,10/18/2023,Basic,562,24,2,97.66,5,Ads,No,13459.9
11102,41,Female,Delhi,4/3/2023,11/15/2022,Basic,449,13,0,13.24,5,Email,No,5814.55
11103,32,Male,Bangalore,5/9/2021,8/29/2023,Standard,989,34,1,33.63,15,Organic,No,33477.65
11104,46,Female,Mumbai,2/18/2021,11/10/2021,Premium,1112,29,1,99.19,0,Referral,No,32248
11105,25,Other,Delhi,11/7/2022,1/30/2023,Standard,1443,7,0,97.35,15,Email,No,9884.55
11106,22,Male,Chennai,2/28/2023,4/3/2022,Standard,518,30,0,113.73,5,Email,Yes,15514.1
11107,46,Female,Chennai,10/20/2021,5/5/2022,Basic,1205,17,4,119.72,15,Email,No,20304.25
11108,64,Female,Hyderabad,9/20/2022,7/25/2021,Basic,1446,13,1,117.27,0,Organic,No,18798
11109,21,Male,,6/20/2022,4/29/2022,Standard,543,24,0,52.17,20,Email,No,12923.4
11110,29,Male,Pune,11/7/2021,10/5/2021,Basic,1185,31,0,33.79,0,Organic,Yes,36735
11111,62,Male,Pune,6/21/2022,5/6/2023,Basic,886,27,4,92.22,10,Ads,No,23833.4
11112,19,Female,Chennai,10/1/2022,1/29/2022,Standard,817,21,4,39.42,10,Referral,No,17075.3
11113,44,Other,Hyderabad,8/22/2021,10/9/2023,Basic,1344,1,2,97.74,15,Ads,Yes,1142.4
11114,48,Female,Pune,7/28/2021,1/21/2023,Basic,489,15,2,66.4,0,Email,Yes,7335
11115,53,Female,Pune,8/28/2022,9/26/2023,Standard,1214,3,1,96.3,0,Organic,Yes,3642
11116,53,Female,Bangalore,4/4/2021,7/14/2022,Standard,914,6,1,36.73,5,Organic,No,5438.3
11117,43,Female,Bangalore,11/23/2021,10/16/2022,Premium,1155,14,1,63.42,,Ads,No,15939
11118,60,Female,Bangalore,8/13/2021,5/28/2023,Standard,765,33,5,69.86,0,Email,No,25245
11119,44,Male,Mumbai,6/9/2023,1/25/2023,Basic,398,8,0,113.46,15,Referral,Yes,3124.3
11120,22,Female,Pune,3/3/2023,3/30/2022,Premium,1129,26,5,35.66,5,Organic,No,29297.55
11121,37,Female,Mumbai,1/11/2021,9/7/2022,Standard,1296,15,1,112.72,5,Organic,No,19375.2
11122,28,Male,Hyderabad,11/25/2021,1/21/2022,Basic,1406,14,1,97.56,15,Email,No,19473.1
11123,27,Female,Chennai,1/12/2021,4/27/2023,Basic,355,20,0,89.05,15,Organic,Yes,7046.75
11124,57,Male,Pune,2/4/2021,7/8/2021,Standard,1345,19,1,95.49,0,Email,No,25555
11125,55,Female,Chennai,3/23/2022,10/17/2021,Standard,879,33,2,74.62,0,Email,No,29007
11126,23,Female,Bangalore,3/28/2022,12/12/2021,Standard,484,24,2,33.07,,Referral,No,11591.8
11127,25,Male,Pune,1/10/2023,11/9/2022,Standard,821,10,0,26.79,5,Email,No,8168.95
11128,40,Male,Delhi,8/8/2021,7/9/2023,Standard,563,34,3,104.63,20,Ads,No,19029.4
11129,64,Male,Mumbai,3/17/2022,3/9/2023,Premium,1361,16,3,88.39,5,Referral,No,21707.95
11130,43,Female,Mumbai,10/15/2022,6/1/2021,Standard,1302,15,3,29.52,15,Email,No,19334.7
11131,63,Male,Pune,6/19/2022,12/13/2022,Basic,422,18,1,75.74,15,Email,Yes,7532.7
11132,60,Female,Bangalore,8/18/2022,9/4/2021,Premium,1479,7,1,56.47,20,Referral,Yes,10057.2
11133,29,Male,Mumbai,8/17/2021,5/14/2023,Basic,600,22,2,,10,Organic,Yes,13140
11134,43,Other,Bangalore,12/10/2021,7/18/2022,Standard,1132,32,0,66.16,10,Referral,No,36110.8
11135,30,Female,Hyderabad,3/21/2021,11/20/2022,Premium,1390,19,2,37.37,15,Organic,Yes,26201.5
11136,,Female,Chennai,12/19/2021,10/3/2023,Standard,944,1,2,16.07,10,Referral,Yes,849.6
11137,35,Female,Delhi,1/31/2022,8/3/2022,Standard,1173,35,1,58.7,10,Referral,No,40937.7
11138,42,Female,Chennai,10/17/2021,1/21/2022,Standard,693,5,0,72.86,20,Ads,No,3326.4
11139,50,Female,Chennai,3/31/2022,5/15/2022,Basic,960,12,3,10.39,5,Referral,No,11472
11140,64,Male,Hyderabad,4/23/2023,6/26/2023,Basic,1454,12,2,51.24,5,Ads,No,17375.3
11141,57,Male,Mumbai,11/2/2022,10/18/2023,Standard,368,21,1,34.63,10,Email,No,7691.2
11142,60,Male,Delhi,5/8/2021,9/24/2022,Standard,1061,19,1,8.52,0,Organic,No,20159
11143,29,Male,Mumbai,12/3/2022,9/17/2023,Standard,619,9,1,19.45,20,Organic,No,5447.2
11144,61,Male,Pune,6/27/2022,7/1/2022,Basic,476,32,0,20.99,10,Ads,No,15184.4
11145,53,Female,Chennai,6/17/2023,5/17/2022,Standard,883,35,3,26.03,0,Organic,No,30905
11146,21,Other,Pune,12/25/2021,7/21/2022,Standard,1483,31,3,97.39,0,Organic,No,45973
11147,22,Male,Bangalore,6/11/2022,11/3/2023,Standard,881,32,2,55.54,20,Referral,No,28015.8
11148,,Female,Chennai,11/9/2021,11/4/2023,Standard,1458,32,2,21.91,5,Ads,No,46583.1
11149,25,Male,Mumbai,3/16/2021,7/21/2021,Standard,410,30,1,16.53,15,Organic,No,12238.5
11150,59,Female,Chennai,6/30/2022,8/20/2021,Standard,1298,32,6,39.26,0,Email,No,41536
11151,45,Female,Bangalore,5/21/2023,7/6/2021,Basic,1057,2,1,96.77,15,Ads,No,1955.45
11152,48,Female,Hyderabad,7/15/2021,8/6/2021,Premium,582,11,3,46.91,15,Referral,No,6314.7
11153,26,Other,Pune,4/23/2023,3/3/2023,Basic,493,20,1,23.39,20,Email,No,9761.4
11154,46,Male,Pune,1/29/2021,10/30/2023,Premium,1266,9,2,51.47,5,Organic,No,11330.7
11155,31,Female,Mumbai,12/7/2022,3/29/2023,Basic,1370,19,1,68.86,20,Organic,Yes,25756
11156,57,Female,Chennai,1/16/2021,6/27/2023,Basic,1277,7,0,8.4,0,Ads,No,8939
11157,58,Male,Mumbai,2/27/2022,2/13/2023,Premium,641,5,2,77.18,5,Organic,No,3172.95
11158,39,Female,Hyderabad,8/12/2022,4/11/2023,Basic,821,24,1,50.44,10,Ads,Yes,19621.9
11159,28,Male,Chennai,3/16/2023,9/24/2022,Standard,1100,7,2,,5,Organic,No,7645
11160,40,Female,Chennai,8/16/2022,9/11/2022,Premium,1202,11,1,82.5,20,Email,Yes,12981.6
11161,18,Male,Mumbai,2/9/2022,10/20/2021,Premium,430,9,3,86.92,,Referral,No,3784
11162,63,Male,Mumbai,9/28/2022,5/22/2022,Premium,1113,30,1,77.32,15,Email,No,33223.05
11163,54,Female,Bangalore,6/15/2022,5/10/2023,Basic,360,3,2,44.32,10,Referral,Yes,1044
11164,,Female,Hyderabad,9/6/2022,9/14/2022,Standard,463,22,3,65.9,5,Ads,No,10162.85
11165,43,Male,Bangalore,3/18/2021,2/11/2023,Basic,571,20,6,49.52,10,Organic,Yes,11362.9
11166,63,Male,Pune,8/17/2021,11/5/2023,Basic,432,32,4,85.57,15,Email,No,13759.2
11167,53,Female,Chennai,10/24/2021,1/12/2023,Premium,1297,7,2,72.11,10,Organic,No,8949.3
11168,40,Male,Mumbai,5/25/2022,4/4/2023,Basic,337,7,2,14.41,10,Ads,No,2325.3
11169,18,Male,Chennai,12/16/2022,8/13/2022,Standard,916,20,0,78.96,5,Referral,Yes,18274.2
11170,57,Female,Chennai,7/27/2022,11/13/2022,Standard,773,25,2,84.03,,Email,No,19247.7
11171,32,Female,Delhi,6/22/2022,10/5/2021,Standard,358,35,4,47.63,15,Referral,No,12476.3
11172,38,Male,Pune,8/6/2022,12/22/2021,Premium,888,24,1,105.72,0,Referral,Yes,21312
11173,64,Female,Delhi,9/7/2022,6/29/2021,Basic,798,13,2,101.95,0,Ads,Yes,10374
11174,26,Female,Chennai,11/22/2021,8/19/2022,Standard,866,4,1,25.14,20,Referral,No,3290.8
11175,26,Female,Mumbai,12/29/2021,5/20/2023,Premium,866,12,3,108.99,0,Ads,Yes,10392
11176,27,Female,Chennai,10/31/2022,9/7/2022,Standard,1452,17,4,55.7,5,Referral,No,24611.4
11177,43,Male,Pune,5/25/2023,3/7/2022,Basic,1203,1,1,88.23,20,Referral,No,962.4
11178,,Male,Delhi,12/25/2021,10/29/2021,Standard,682,17,1,98.62,0,Email,Yes,11594
11179,52,Male,Mumbai,12/7/2022,1/26/2022,Basic,384,2,2,63.09,0,Ads,No,768
11180,42,Female,Chennai,2/26/2023,2/21/2022,Basic,926,6,3,50.9,20,Organic,No,5370.8
11181,43,Male,Hyderabad,11/20/2021,4/25/2023,Premium,1125,11,1,110.28,5,Organic,No,12318.75
11182,28,Female,Pune,11/29/2022,9/13/2021,Standard,592,18,3,31.55,20,Organic,Yes,10537.6
11183,55,Male,Pune,11/22/2021,8/7/2022,Premium,1372,25,5,34.55,5,Email,Yes,34231.4
11184,19,Male,Hyderabad,9/17/2022,10/10/2022,Premium,1390,28,4,46.59,5,Email,No,38850.5
11185,24,Female,Chennai,4/5/2023,8/14/2022,Standard,1086,16,1,103.84,15,Referral,Yes,17213.1
11186,35,Male,Pune,6/14/2021,6/18/2023,Basic,428,12,2,112.96,0,Referral,Yes,5136
11187,44,Male,Mumbai,7/27/2022,4/16/2023,Basic,328,29,1,30.31,0,Organic,No,9512
11188,51,Female,Chennai,8/27/2022,11/5/2021,Basic,1442,23,2,104.35,10,Referral,Yes,33021.8
11189,44,Male,Chennai,3/9/2023,11/19/2021,Premium,991,21,1,34.69,20,Referral,No,20612.8
11190,34,Female,Delhi,3/31/2022,10/7/2022,Basic,432,16,1,116.62,15,Email,No,6847.2
11191,60,Female,Pune,6/2/2021,4/7/2022,Basic,945,26,5,,0,Organic,Yes,24570
11192,61,Male,Pune,1/7/2023,7/8/2022,Standard,988,22,1,5.81,10,Ads,No,21637.2
11193,41,Female,Hyderabad,5/7/2021,3/31/2023,Basic,833,10,3,8.92,15,Organic,No,8205.05
11194,42,Female,Delhi,7/12/2021,7/10/2023,Basic,815,7,3,21.96,5,Email,No,5664.25
11195,24,Male,Delhi,9/19/2022,4/7/2023,Standard,1259,9,4,26.57,0,Organic,No,11331
11196,23,Male,Pune,2/13/2023,3/21/2023,Basic,464,25,7,93.28,20,Ads,No,11507.2
11197,41,Male,Chennai,6/14/2022,3/28/2023,Basic,1226,15,2,30.62,15,Referral,No,18206.1
11198,50,Female,Delhi,1/10/2021,9/6/2022,Basic,1232,13,4,116.45,10,Organic,No,15892.8
11199,46,Male,Hyderabad,4/2/2021,6/2/2022,Standard,856,26,2,78.15,20,Email,Yes,22084.8
11200,60,Female,Delhi,5/19/2021,12/2/2022,Standard,979,21,2,84.64,5,Email,No,20510.05
11201,39,Female,Hyderabad,4/26/2022,3/5/2023,Basic,1292,23,2,30.05,20,Organic,No,29457.6
11202,43,Female,Delhi,3/25/2022,10/18/2023,Standard,1328,28,1,107.66,10,Referral,No,37051.2
11203,45,Male,Hyderabad,11/29/2021,2/10/2022,Basic,1056,12,1,81.8,5,Referral,Yes,12619.2
11204,38,Male,Delhi,5/19/2023,12/25/2021,Premium,1404,24,6,104.41,10,Email,Yes,33555.6
11205,24,Female,Delhi,12/6/2021,8/24/2022,Basic,1154,13,2,115,0,Email,No,15002
11206,34,Male,Mumbai,2/21/2021,9/3/2021,Standard,792,2,1,19.45,10,Ads,No,1504.8
11207,37,Male,Hyderabad,12/8/2022,10/8/2023,Premium,948,12,1,16.11,20,Referral,No,11186.4
11208,58,Male,,4/11/2022,9/17/2023,Premium,1291,14,6,97.39,0,Organic,Yes,18074
11209,37,Male,Hyderabad,12/19/2022,9/21/2022,Basic,927,30,4,104.6,0,Email,No,27810
11210,39,Female,,3/10/2023,4/14/2023,Basic,924,19,2,72.13,15,Email,Yes,17417.4
11211,45,Male,Delhi,4/20/2022,7/2/2023,Standard,842,31,1,47.09,20,Email,No,25933.6
11212,57,Male,Hyderabad,2/5/2022,12/7/2021,Basic,306,25,2,80.05,20,Email,No,7588.8
11213,24,Male,Pune,3/15/2022,5/12/2023,Premium,1253,4,0,40.15,5,Referral,Yes,4949.35
11214,18,Female,Bangalore,5/28/2023,9/27/2022,Standard,814,13,0,32.41,10,Email,No,10500.6
11215,49,Female,Mumbai,8/28/2022,6/3/2023,Standard,1054,3,5,61.14,10,Referral,Yes,3056.6
11216,30,Male,Hyderabad,4/1/2023,11/18/2022,Basic,372,16,0,29.86,20,Ads,No,5877.6
11217,47,Female,Hyderabad,10/19/2022,6/26/2023,Standard,309,26,0,60.63,10,Ads,No,8003.1
11218,40,Female,Bangalore,8/21/2022,7/28/2022,Standard,861,19,4,115.01,20,Organic,No,16186.8
11219,36,Female,Delhi,5/24/2022,9/14/2023,Premium,421,15,1,101.58,0,Email,Yes,6315
11220,49,Female,Pune,6/2/2021,3/2/2023,Basic,986,32,2,113.29,10,Organic,No,31453.4
11221,47,Male,Mumbai,5/29/2022,1/26/2023,Basic,812,21,3,97.73,10,Referral,No,16970.8
11222,46,Male,Hyderabad,5/18/2022,8/21/2023,Basic,1289,1,3,,20,Organic,No,1031.2
11223,62,Male,Delhi,5/4/2023,10/11/2021,Basic,740,6,2,98.39,20,Organic,No,4292
11224,46,Male,Pune,2/11/2023,7/25/2021,Standard,1361,27,5,111.14,5,Email,No,36678.95
11225,47,Other,Pune,11/7/2022,10/23/2022,Premium,1001,23,3,113.91,10,Referral,Yes,22922.9
11226,33,Male,Mumbai,1/6/2021,4/1/2023,Basic,890,31,0,83.57,15,Referral,No,27456.5
11227,57,Male,Chennai,5/15/2022,11/23/2022,Premium,366,12,5,29.31,20,Email,Yes,4318.8
11228,36,Female,Pune,10/23/2022,7/15/2022,Basic,316,21,2,9.57,15,Referral,No,6588.6
11229,35,Female,Chennai,12/18/2022,12/28/2021,Basic,667,2,3,,0,Ads,No,1334
11230,18,Male,Pune,4/28/2021,3/28/2023,Basic,1203,5,1,116.04,0,Email,Yes,6015
11231,31,Male,Mumbai,4/30/2022,3/20/2022,Basic,1020,9,2,58.14,15,Email,No,9027
11232,64,Male,Bangalore,8/24/2022,6/4/2023,Premium,1257,20,0,103.32,0,Email,No,25140
11233,19,Female,Mumbai,10/28/2022,9/23/2021,Basic,1207,18,2,58.48,15,Ads,Yes,21544.95
11234,45,Male,Mumbai,11/10/2022,4/1/2023,Standard,1288,22,1,80.99,5,Referral,No,28271.6
11235,47,Male,Bangalore,4/13/2022,2/14/2022,Standard,772,8,2,7.78,5,Ads,No,6137.4
11236,55,Female,Bangalore,6/10/2021,7/3/2023,Premium,414,34,3,33.73,0,Ads,Yes,14076
11237,21,Male,Delhi,9/27/2021,9/30/2021,Basic,399,9,2,55.17,15,Ads,No,3531.15
11238,18,Female,Pune,2/25/2021,3/26/2022,Basic,737,7,2,77.52,15,Organic,Yes,5048.45
11239,25,Female,Delhi,8/16/2021,7/15/2023,Basic,648,30,1,24.72,15,Referral,Yes,19342.8
11240,46,Male,Bangalore,4/29/2023,6/16/2022,Basic,438,18,2,92.92,0,Referral,No,7884
11241,56,Female,,5/29/2021,12/13/2022,Basic,1127,27,2,46.91,15,Email,No,30259.95
11242,20,Female,Chennai,2/15/2021,11/6/2023,Premium,623,16,4,99.01,20,Email,No,9843.4
11243,49,Male,Mumbai,5/24/2021,9/19/2023,Standard,1145,21,1,16.27,15,Organic,No,23873.25
11244,27,Female,Hyderabad,1/20/2023,10/14/2022,Standard,593,5,3,83.17,20,Ads,Yes,2846.4
11245,27,Female,Mumbai,2/23/2023,3/24/2022,Standard,1267,29,1,38.73,5,Email,No,36679.65
11246,36,Female,Mumbai,9/24/2022,5/28/2022,Basic,373,22,2,96.47,20,Referral,No,8131.4
11247,63,Male,,12/6/2021,1/10/2023,Basic,783,14,2,51.25,5,Email,No,10922.85
11248,,Other,Pune,2/17/2022,9/6/2022,Premium,315,19,0,81.52,0,Ads,Yes,5985
11249,50,Male,Bangalore,1/2/2023,8/12/2022,Premium,1092,35,1,112.45,5,Organic,No,38165.4
11250,40,Male,Chennai,6/4/2022,10/5/2021,Premium,815,24,3,7.37,5,Ads,Yes,19519.25
11251,45,Male,Mumbai,12/10/2021,12/14/2021,Premium,1224,6,3,6.28,15,Email,No,7160.4
11252,49,Male,Hyderabad,1/22/2022,1/7/2022,Basic,1450,3,2,,10,Organic,No,4205
11253,24,Female,Delhi,4/18/2022,8/30/2021,Basic,1123,34,1,79.34,5,Organic,Yes,38125.85
11254,46,Male,Mumbai,10/2/2021,7/16/2022,Basic,817,2,1,38.69,20,Ads,Yes,1470.6
11255,25,Male,Chennai,12/19/2021,6/8/2021,Basic,428,15,0,61.86,0,Email,No,6420
11256,18,Female,Bangalore,3/7/2021,11/26/2022,Basic,810,15,1,9.82,20,Ads,No,11988
11257,20,Male,Mumbai,3/20/2021,9/11/2022,Standard,722,32,2,27.13,0,Email,No,23104
11258,41,Male,Mumbai,8/21/2022,4/16/2022,Standard,684,21,0,53.82,20,Email,Yes,14227.2
11259,40,Male,Pune,9/28/2022,6/29/2022,Premium,531,17,3,100.92,5,Referral,No,9000.45
11260,25,Male,Hyderabad,7/21/2021,2/24/2022,Standard,1258,34,2,60.16,10,Organic,No,42646.2
11261,64,Male,Delhi,10/24/2022,12/8/2021,Premium,1124,32,4,72.43,5,Email,No,35911.8
11262,54,Female,Delhi,7/12/2022,10/9/2023,Basic,364,23,1,105.48,15,Ads,No,8317.4
11263,20,Male,Bangalore,4/23/2021,4/6/2023,Basic,1132,35,4,40.51,20,Ads,No,39393.6
11264,50,Male,Chennai,4/1/2021,7/31/2021,Standard,914,33,2,,10,Referral,No,30070.6
11265,45,Female,Bangalore,5/21/2021,8/12/2022,Basic,1100,25,1,104.09,20,Referral,Yes,27280
11266,64,Female,Mumbai,10/16/2021,2/19/2022,Basic,577,21,5,28.3,15,Referral,No,12030.45
11267,25,Male,Mumbai,12/31/2022,8/6/2023,Basic,665,34,5,45.99,15,Organic,No,22510.25
11268,51,Female,Delhi,8/12/2022,9/3/2021,Basic,815,19,2,117.68,15,Referral,No,15362.75
11269,52,Male,Chennai,2/15/2022,12/5/2022,Standard,738,27,2,118.07,,Organic,No,19889.1
11270,49,Female,Hyderabad,1/12/2022,9/13/2022,Basic,727,9,3,30.67,5,Referral,Yes,6506.65
11271,41,Female,Chennai,1/19/2022,3/23/2023,Standard,1028,5,3,12.64,10,Organic,No,5037.2
11272,31,Male,Mumbai,4/26/2023,5/17/2023,Standard,695,5,2,36.16,15,Email,No,3370.75
11273,49,Female,Hyderabad,6/1/2021,7/19/2023,Basic,885,25,3,50.74,5,Referral,No,22080.75
11274,63,Male,Chennai,4/15/2023,10/27/2022,Basic,674,26,2,55.72,0,Organic,No,17524
11275,60,Female,,1/21/2023,4/21/2023,Basic,1247,19,0,76.16,0,Email,No,23693
11276,33,Male,Hyderabad,9/19/2022,12/11/2021,Basic,392,30,2,108.44,5,Referral,No,11740.4
11277,21,Female,Mumbai,11/15/2021,9/25/2022,Standard,620,16,4,42.99,10,Email,No,9858
11278,54,Female,Chennai,1/4/2022,11/16/2023,Standard,1333,7,0,102.75,20,Referral,No,9064.4
11279,38,Female,Hyderabad,8/29/2022,5/2/2022,Standard,1213,18,4,15.75,15,Ads,No,21652.05
11280,31,Male,Pune,7/14/2022,8/9/2022,Basic,1216,21,0,9.82,5,Organic,No,25475.2
11281,48,Female,Pune,12/4/2022,12/13/2021,Standard,394,31,2,62.97,10,Ads,No,12174.6
11282,35,Female,Mumbai,4/7/2022,10/3/2023,Standard,1258,1,0,11.86,20,Organic,No,1006.4
11283,24,Female,Hyderabad,1/12/2021,2/4/2022,Standard,1430,3,1,50.14,10,Ads,No,4147
11284,27,Female,Pune,6/5/2021,10/11/2022,Standard,370,31,2,108.13,20,Referral,No,11396
11285,24,Female,Hyderabad,11/15/2022,12/29/2021,Standard,963,25,1,32.77,,Ads,No,24075
11286,50,Male,Chennai,4/22/2022,3/27/2023,Standard,1268,8,4,86.19,20,Referral,No,9890.4
11287,40,Male,Mumbai,2/5/2022,4/1/2023,Standard,886,1,2,39.77,0,Organic,Yes,886
11288,38,Female,Pune,3/19/2023,9/9/2022,Basic,1026,7,0,10.17,,Referral,No,7028.1
11289,36,Male,Chennai,6/26/2021,10/22/2023,Standard,667,7,1,69.02,5,Ads,No,4635.65
11290,36,Other,Bangalore,12/7/2021,3/13/2023,Basic,350,8,4,101.01,,Email,Yes,2800
11291,53,Female,Bangalore,2/26/2021,1/7/2022,Basic,1466,19,6,52.09,10,Organic,No,27707.4
11292,46,Female,Mumbai,5/5/2023,2/28/2022,Premium,1287,17,1,75.99,20,Email,No,21621.6
11293,35,Male,Pune,5/2/2023,11/1/2021,Premium,1490,11,3,108.5,10,Email,Yes,16241
11294,19,Female,Pune,3/24/2022,2/4/2022,Basic,559,11,2,,0,Email,Yes,6149
11295,18,Female,Pune,7/22/2021,3/6/2022,Basic,457,2,0,27.3,10,Email,No,868.3
11296,64,Female,Hyderabad,11/28/2022,8/14/2022,Basic,398,4,4,89.34,20,Email,No,1512.4
11297,22,Female,Chennai,9/25/2022,8/25/2023,Standard,540,28,3,62.72,5,Ads,No,15093
11298,37,Male,Pune,1/8/2023,3/3/2022,Premium,501,33,0,90.79,10,Referral,No,16482.9
11299,28,Female,Chennai,7/21/2021,10/27/2022,Premium,933,11,0,61.87,15,Referral,No,10123.05
11300,59,Female,,11/26/2021,8/27/2021,Standard,1419,3,2,19.72,20,Email,Yes,3973.2
11301,19,Male,Pune,12/29/2021,8/8/2023,Basic,1045,5,3,,20,Ads,No,5016
11302,20,Male,Mumbai,6/11/2023,3/4/2023,Standard,789,21,2,61.6,15,Email,No,16450.65
11303,40,Female,Pune,3/30/2022,10/18/2022,Basic,878,22,2,64.56,0,Email,Yes,19316
11304,29,Female,Bangalore,12/22/2021,1/11/2023,Premium,826,11,1,106.07,15,Organic,No,8962.1
11305,37,Other,Delhi,8/4/2021,7/12/2023,Premium,572,22,3,107.91,0,Ads,No,12584
11306,22,Female,,7/9/2022,1/27/2022,Standard,1085,13,3,57.16,5,Email,Yes,14050.75
11307,54,Male,Pune,6/6/2023,3/15/2023,Basic,752,3,1,57.41,0,Referral,No,2256
11308,55,Male,Delhi,1/23/2021,6/10/2023,Basic,1475,13,1,64.25,5,Organic,No,19101.25
11309,47,Male,Mumbai,6/4/2021,4/6/2023,Basic,646,28,2,64.75,5,Email,Yes,18055.7
11310,26,Male,Hyderabad,7/5/2021,1/22/2022,Premium,1115,11,3,114.29,15,Email,No,12097.75
11311,51,Male,Pune,9/6/2021,10/6/2021,Standard,713,11,2,,5,Email,No,7807.35
11312,61,Male,Hyderabad,1/19/2023,10/16/2022,Basic,730,21,2,36.91,0,Ads,Yes,15330
11313,52,Male,Bangalore,3/16/2023,12/17/2021,Standard,678,21,1,66.13,10,Email,Yes,14170.2
11314,39,Female,Pune,5/14/2021,11/25/2022,Premium,1297,7,4,77.13,20,Referral,Yes,8819.6
11315,61,Male,Bangalore,11/17/2021,10/15/2022,Basic,1194,17,1,78.57,20,Organic,No,20059.2
11316,41,Female,Delhi,1/25/2022,3/12/2023,Premium,727,14,0,72.3,0,Ads,No,10178
11317,34,Female,Mumbai,3/10/2022,10/5/2022,Premium,1407,33,3,25.44,10,Organic,No,46290.3
11318,27,Male,Chennai,1/22/2021,6/21/2021,Premium,491,11,0,8.86,5,Referral,No,5376.45
11319,47,Male,Bangalore,5/23/2023,1/20/2022,Basic,340,13,2,43.85,0,Email,No,4420
11320,63,Male,Chennai,8/23/2022,5/15/2023,Basic,435,1,3,54.17,5,Ads,No,413.25
11321,40,Male,Chennai,10/27/2022,7/31/2023,Basic,405,34,3,12.11,15,Email,No,13709.25
11322,49,Female,Mumbai,5/5/2021,3/5/2023,Basic,818,9,3,98.72,10,Ads,No,7280.2
11323,34,Male,Delhi,3/20/2021,7/21/2022,Basic,1113,13,1,44.57,20,Email,No,14246.4
11324,34,Male,Mumbai,5/8/2023,10/26/2021,Standard,425,30,2,110.07,0,Referral,No,12750
11325,31,Male,Pune,2/20/2021,6/29/2021,Standard,699,7,2,22.76,20,Referral,No,4753.2
11326,26,Other,Bangalore,12/29/2022,5/27/2022,Premium,378,14,0,11.55,5,Email,No,5273.1
11327,57,Female,Chennai,6/25/2021,4/4/2022,Basic,688,6,0,,5,Referral,No,4093.6
11328,19,Female,Mumbai,5/20/2023,10/31/2023,Standard,373,34,2,26.75,15,Email,No,12626.05
11329,62,Male,Mumbai,9/10/2021,11/9/2021,Standard,1328,16,2,112.8,5,Ads,Yes,21181.6
11330,,Female,Mumbai,9/3/2021,10/17/2023,Standard,381,6,3,6.18,5,Referral,No,2266.95
11331,56,Female,Bangalore,1/9/2023,9/30/2023,Premium,1075,8,3,52.45,20,Ads,No,8385
11332,26,Female,Delhi,4/16/2021,7/31/2021,Standard,1290,24,1,111.58,20,Email,No,30702
11333,,Other,Mumbai,7/12/2021,10/3/2021,Premium,577,3,2,49.21,0,Ads,No,1731
11334,60,Male,Bangalore,11/12/2021,8/30/2022,Basic,1139,4,1,15.71,0,Organic,Yes,4556
11335,63,Female,Chennai,10/29/2021,8/10/2021,Standard,523,32,1,39.83,5,Email,Yes,16709.85
11336,,Female,Pune,7/2/2022,9/16/2023,Basic,1391,1,0,62.27,10,Referral,No,1251.9
11337,43,Male,Hyderabad,12/17/2022,10/24/2023,Basic,905,34,3,26.29,0,Referral,Yes,30770
11338,46,Male,Bangalore,2/18/2023,9/9/2022,Basic,318,9,2,58.65,5,Organic,No,2846.1
11339,62,Other,Hyderabad,9/25/2021,1/29/2022,Basic,939,12,2,101.18,20,Email,No,11080.2
11340,51,Male,Mumbai,6/19/2021,10/3/2022,Basic,396,10,0,105.35,15,Email,No,3900.6
11341,40,Female,Mumbai,7/5/2022,7/1/2023,Basic,1375,10,3,10.66,20,Email,No,13475
11342,54,Other,Bangalore,3/31/2022,1/7/2022,Basic,474,23,2,23.5,20,Email,No,10807.2
11343,28,Female,Hyderabad,10/13/2022,9/16/2022,Premium,1438,6,3,36.66,15,Ads,No,8412.3
11344,23,Male,Mumbai,10/19/2021,11/15/2022,Basic,647,24,2,73.41,20,Email,No,15398.6
11345,35,Female,Chennai,7/18/2022,10/7/2022,Standard,300,24,5,46.51,0,Ads,No,7200
11346,38,Male,Delhi,3/10/2023,11/16/2023,Basic,362,21,3,102.06,20,Ads,No,7529.6
11347,59,Female,Delhi,3/12/2023,8/21/2021,Premium,525,31,0,87.42,15,Referral,No,16196.25
11348,53,Male,Mumbai,5/21/2021,10/4/2023,Premium,722,30,3,16.55,5,Email,Yes,21623.9
11349,58,Female,Hyderabad,5/26/2021,10/27/2023,Standard,1342,34,2,76.82,5,Ads,No,45560.9
11350,55,Female,Pune,3/1/2022,11/4/2022,Standard,330,18,4,18,5,Email,No,5923.5
11351,51,Female,Mumbai,11/10/2021,6/12/2021,Basic,1144,12,2,,15,Organic,No,13556.4
11352,34,Female,Pune,7/3/2021,2/18/2022,Premium,932,35,4,25.46,15,Ads,No,32480.2
11353,54,Female,Pune,10/26/2022,3/19/2023,Premium,323,7,4,24.9,0,Referral,No,2261
11354,,Female,Hyderabad,12/14/2022,8/23/2022,Premium,1136,25,2,75.89,15,Email,No,28229.6
11355,55,Male,Pune,5/8/2021,12/9/2021,Standard,1282,6,2,69.81,5,Referral,Yes,7627.9
11356,29,Female,Chennai,10/14/2021,7/2/2023,Basic,460,1,3,25.24,15,Ads,No,391
11357,40,Male,,4/3/2023,9/22/2021,Premium,413,16,2,118.87,10,Ads,Yes,6566.7
11358,59,Female,Mumbai,9/10/2021,6/26/2021,Basic,803,4,2,,20,Referral,No,3051.4
11359,39,Male,Chennai,2/17/2023,7/23/2023,Standard,1254,29,3,16.16,0,Email,No,36366
11360,38,Male,Bangalore,12/1/2022,10/12/2022,Basic,656,28,3,18.87,5,Ads,Yes,18335.2
11361,44,Female,Delhi,1/21/2022,10/21/2022,Premium,468,22,2,72.15,5,Organic,Yes,10272.6
11362,48,Male,Mumbai,8/18/2021,11/27/2022,Basic,1268,8,2,117.59,10,Referral,No,10017.2
11363,23,Male,Mumbai,9/28/2021,8/1/2021,Basic,541,32,2,70.77,0,Ads,No,17312
11364,44,Female,Mumbai,2/10/2023,1/15/2022,Standard,438,33,4,114.14,20,Email,Yes,14366.4
11365,57,Female,Chennai,3/22/2023,8/24/2023,Standard,396,13,4,56.08,0,Ads,No,5148
11366,51,Female,Bangalore,2/19/2022,1/28/2023,Standard,446,27,3,55.12,0,Email,No,12042
11367,29,Male,Hyderabad,7/17/2021,7/5/2021,Basic,1380,18,2,62.5,5,Email,Yes,24771
11368,62,Female,Bangalore,11/19/2021,5/6/2023,Basic,1365,18,4,85.2,15,Ads,No,24365.25
11369,24,Male,Chennai,2/25/2021,8/30/2022,Standard,1165,13,2,,20,Organic,No,14912
11370,27,Female,Mumbai,4/11/2023,1/9/2023,Premium,842,22,2,104.35,0,Email,No,18524
11371,62,Female,Delhi,7/22/2021,11/8/2023,Premium,991,14,6,,10,Referral,No,13774.9
11372,34,Female,Mumbai,2/22/2023,10/15/2022,Standard,1325,11,1,55.57,5,Email,No,14508.75
11373,,Male,Hyderabad,9/13/2022,7/1/2023,Premium,1461,22,0,63.76,15,Email,No,31922.85
11374,38,Male,Pune,9/20/2022,1/16/2023,Basic,1203,17,1,74.81,15,Organic,Yes,20270.55
11375,45,Male,Delhi,8/27/2022,6/25/2021,Standard,1029,32,1,36.75,5,Email,No,32876.55
11376,63,Male,Mumbai,5/18/2021,12/21/2022,Standard,630,14,2,54.16,0,Ads,No,8820
11377,19,Male,Delhi,2/26/2022,7/2/2021,Basic,916,29,0,,5,Organic,No,26518.2
11378,,Female,Pune,3/26/2023,9/9/2023,Standard,703,6,5,83.99,15,Email,No,4112.55
11379,18,Male,Bangalore,2/26/2021,6/12/2021,Standard,807,4,4,93.96,15,Ads,No,3106.95
11380,53,Female,Chennai,7/16/2022,4/15/2022,Basic,1450,11,3,89.85,10,Ads,No,15805
11381,43,Male,Mumbai,3/12/2021,9/23/2023,Basic,1338,10,2,44.28,10,Email,No,13246.2
11382,46,Female,Hyderabad,8/17/2022,1/25/2023,Basic,525,28,1,119.94,15,Referral,No,14621.25
11383,38,Female,Bangalore,1/7/2022,6/1/2021,Standard,1283,11,2,,10,Referral,No,13984.7
11384,28,Male,Mumbai,9/9/2022,8/9/2022,Basic,1164,35,3,,10,Email,No,40623.6
11385,57,Male,Bangalore,8/23/2022,9/16/2023,Basic,1428,15,4,27.44,10,Email,No,21277.2
11386,28,Female,Hyderabad,5/29/2022,10/14/2021,Standard,1044,8,1,41.11,15,Ads,No,8195.4
11387,,Male,Mumbai,5/22/2023,12/13/2021,Standard,792,20,0,57.02,0,Email,No,15840
11388,56,Female,,3/25/2021,10/11/2021,Standard,618,21,1,,0,Email,No,12978
11389,57,Female,Pune,2/12/2021,8/25/2021,Standard,1072,1,0,94.51,20,Ads,No,857.6
11390,52,Female,Hyderabad,10/28/2022,9/19/2022,Premium,751,29,2,102.89,10,Email,Yes,21703.9
11391,51,Male,Delhi,4/19/2023,8/16/2023,Premium,1243,24,2,36.28,0,Email,No,29832
11392,64,Female,Hyderabad,8/29/2022,7/31/2023,Premium,1147,30,0,73.25,20,Email,No,34180.6
11393,41,Female,Delhi,3/21/2023,4/20/2022,Standard,1316,35,0,37.57,5,Ads,No,45994.2
11394,39,Female,Mumbai,5/13/2021,11/27/2021,Basic,1183,33,0,17.54,10,Email,No,38920.7
11395,22,Male,Delhi,1/30/2022,10/29/2022,Premium,718,20,0,83.68,0,Referral,No,14360
11396,50,Female,Mumbai,3/6/2021,2/28/2023,Basic,1164,16,2,21.44,0,Email,Yes,18624
11397,53,Female,Mumbai,10/17/2021,11/22/2021,Basic,1088,9,3,81.79,0,Referral,No,9792
11398,64,Female,Chennai,1/11/2022,7/3/2023,Basic,794,31,2,79.52,20,Email,No,24455.2
11399,37,Male,Mumbai,2/8/2023,6/21/2021,Basic,1362,17,2,98.18,5,Ads,No,23085.9
11400,36,Female,Delhi,4/12/2022,9/13/2021,Premium,461,31,3,21.05,10,Referral,No,14244.9
11401,52,Male,Chennai,6/17/2023,12/30/2022,Standard,420,23,2,95.1,0,Email,No,9660
11402,60,Female,Chennai,8/1/2021,8/17/2022,Standard,698,6,3,119.92,15,Email,No,4083.3
11403,34,Female,Mumbai,5/28/2021,7/15/2023,Standard,1027,30,3,102.87,10,Email,No,30707.3
11404,62,Female,Hyderabad,7/27/2022,7/19/2021,Standard,860,7,3,91.46,15,Email,No,5891
11405,,Female,Hyderabad,4/16/2022,11/10/2022,Basic,903,11,2,81.15,20,Ads,Yes,9752.4
11406,51,Male,,5/29/2021,10/23/2021,Standard,1452,34,0,53.5,0,Organic,Yes,49368
11407,26,Other,Chennai,3/29/2021,5/6/2022,Standard,839,12,4,89.01,10,Referral,No,9984.1
11408,43,Male,Mumbai,11/20/2021,7/2/2023,Basic,655,27,1,88.28,10,Email,No,17619.5
11409,19,Female,Hyderabad,6/14/2023,10/3/2023,Standard,959,12,2,77.62,0,Ads,No,11508
11410,26,Female,Mumbai,1/31/2022,5/20/2022,Basic,731,13,3,96.57,5,Organic,No,9466.45
11411,26,Female,Mumbai,3/1/2023,8/14/2021,Basic,1388,8,5,56.61,20,Ads,No,10826.4
11412,57,Male,Chennai,2/8/2022,8/11/2023,Basic,862,16,1,18.94,0,Email,No,13792
11413,34,Female,Pune,3/23/2021,8/3/2023,Basic,1116,29,2,69.29,10,Organic,No,32252.4
11414,18,Female,Chennai,10/3/2022,12/30/2022,Premium,1397,35,2,35.48,5,Referral,Yes,48825.15
11415,42,Male,Bangalore,10/13/2021,2/27/2023,Premium,1010,29,3,49.21,10,Referral,No,29189
11416,60,Female,Hyderabad,1/17/2022,4/15/2022,Basic,311,31,3,7,15,Ads,No,9594.35
11417,57,Male,Hyderabad,5/15/2023,8/26/2021,Standard,538,13,1,49.02,10,Referral,No,6940.2
11418,59,Male,Hyderabad,3/3/2023,12/5/2022,Standard,752,12,4,98.01,20,Referral,No,8873.6
11419,42,Male,Delhi,9/27/2021,4/29/2023,Basic,682,2,2,67.41,0,Organic,Yes,1364
11420,56,Male,Mumbai,10/19/2021,10/14/2023,Basic,1081,33,3,6.13,10,Referral,No,35564.9
11421,52,Female,Chennai,3/29/2022,11/9/2023,Premium,347,8,1,59.03,15,Organic,No,2723.95
11422,20,Male,Hyderabad,12/16/2022,9/25/2023,Standard,616,32,3,38.52,15,Organic,No,19619.6
11423,,Male,Bangalore,1/24/2021,7/18/2023,Premium,508,28,1,59.92,0,Organic,No,14224
11424,61,Male,Hyderabad,5/13/2023,7/23/2023,Basic,1442,15,1,51.54,15,Referral,No,21413.7
11425,61,Female,Pune,11/7/2021,7/12/2021,Standard,876,23,1,112.18,0,Ads,Yes,20148
11426,47,Female,,4/6/2022,9/1/2021,Basic,614,24,4,9.74,20,Ads,No,14613.2
11427,55,Male,Mumbai,7/27/2021,4/28/2023,Basic,1053,13,2,83.61,0,Referral,No,13689
11428,51,Male,Chennai,3/3/2023,5/28/2023,Standard,1359,21,0,102.87,5,Organic,Yes,28471.05
11429,29,Female,Delhi,12/18/2022,10/20/2022,Basic,1214,12,1,115.31,15,Referral,No,14385.9
11430,36,Male,Chennai,10/26/2022,11/11/2022,Basic,1054,13,4,25.43,15,Email,Yes,13543.9
11431,54,Female,Hyderabad,3/14/2022,2/20/2022,Basic,853,23,1,66.1,10,Ads,No,19533.7
11432,61,Male,Pune,6/22/2022,2/16/2023,Basic,702,28,1,10.01,5,Organic,No,19620.9
11433,34,Female,Bangalore,12/7/2022,3/19/2022,Standard,1430,14,3,62.41,10,Referral,No,19877
11434,27,Male,Chennai,12/2/2021,9/7/2022,Standard,338,17,0,19.43,0,Organic,No,5746
11435,64,Female,Delhi,2/26/2022,8/13/2023,Basic,880,24,1,101.36,20,Email,No,20944
11436,29,Male,Chennai,1/20/2023,12/12/2022,Basic,479,34,1,18.1,15,Organic,No,16214.15
11437,33,Other,Mumbai,11/17/2021,8/28/2023,Basic,311,22,2,64.03,20,Email,Yes,6779.8
11438,41,Male,Hyderabad,5/12/2022,9/5/2021,Standard,1242,10,2,,0,Ads,No,12420
11439,36,Female,Hyderabad,8/10/2022,11/4/2023,Basic,847,8,1,116.74,0,Organic,No,6776
11440,25,Male,,6/12/2021,9/3/2021,Standard,1449,21,2,80.32,5,Referral,No,30356.55
11441,48,Male,Hyderabad,3/22/2023,4/22/2022,Basic,362,7,1,38.1,10,Organic,No,2497.8
11442,38,Female,Hyderabad,6/25/2022,8/13/2021,Basic,1143,26,2,32.69,15,Organic,No,29546.55
11443,34,Male,Hyderabad,6/14/2021,5/2/2022,Premium,1405,13,2,19.75,15,Email,No,18054.25
11444,40,Female,Bangalore,4/29/2023,8/7/2021,Standard,1308,16,4,92,20,Email,No,20666.4
11445,54,Female,Delhi,11/29/2022,6/28/2023,Basic,333,30,1,84.44,5,Referral,Yes,9973.35
11446,33,Female,,7/20/2022,8/16/2021,Premium,1051,31,4,75.14,0,Ads,Yes,32581
11447,23,Male,Delhi,10/22/2021,12/25/2021,Standard,348,5,3,9.7,5,Ads,No,1722.6
11448,25,Female,Pune,2/11/2021,11/1/2023,Premium,957,32,3,92.73,15,Email,No,30480.45
11449,42,Male,Hyderabad,10/12/2021,7/6/2023,Standard,1000,16,1,78.82,10,Referral,No,15900
11450,35,Female,Chennai,1/22/2022,1/7/2022,Standard,1380,9,3,115.85,20,Organic,No,12144
11451,42,Female,Hyderabad,5/18/2021,2/17/2022,Premium,408,22,2,72.53,0,Referral,No,8976
11452,29,Female,Mumbai,7/6/2021,7/15/2022,Basic,1284,14,2,39.95,,Referral,No,17976
11453,32,Female,Bangalore,12/17/2022,4/27/2022,Standard,323,16,1,48.87,0,Referral,No,5168
11454,,Female,Chennai,3/7/2022,5/10/2022,Standard,520,20,1,25.22,10,Ads,No,10348
11455,58,Male,Chennai,7/8/2022,7/11/2023,Basic,614,15,0,88.14,15,Organic,No,9117.9
11456,62,Female,Mumbai,5/12/2023,8/29/2023,Basic,593,26,3,86.39,15,Referral,No,15329.05
11457,43,Male,Hyderabad,2/20/2022,8/13/2021,Basic,1333,9,3,28.07,5,Ads,Yes,11930.35
11458,64,Female,,3/11/2023,2/27/2023,Standard,1319,1,3,23.23,5,Ads,No,1253.05
11459,49,Female,Chennai,3/2/2022,5/1/2023,Standard,1317,35,1,13.86,,Email,Yes,45897.45
11460,27,Female,Bangalore,2/20/2022,2/9/2022,Standard,937,20,1,109.88,0,Organic,No,18740
11461,33,Male,Chennai,1/26/2021,9/11/2023,Basic,566,6,1,31.8,10,Referral,No,3339.4
11462,24,Female,Hyderabad,1/6/2022,8/29/2023,Standard,387,10,6,44.58,15,Organic,Yes,3811.95
11463,34,Male,Pune,1/20/2022,6/17/2023,Premium,754,33,3,37.26,10,Email,Yes,24806.6
11464,40,Male,Chennai,2/25/2021,7/2/2023,Basic,1471,16,1,52.57,20,Email,No,23241.8
11465,43,Male,Pune,9/10/2021,4/28/2022,Standard,1056,6,4,87.12,0,Referral,Yes,6336
11466,38,Male,Chennai,9/26/2022,7/3/2022,Standard,730,19,1,105.12,20,Ads,No,13724
11467,39,Male,Delhi,4/16/2021,5/11/2022,Standard,1210,31,1,26,15,Email,No,37328.5
11468,24,Female,Hyderabad,5/10/2021,1/5/2023,Standard,541,2,2,83.94,5,Ads,No,1054.95
11469,31,Male,Mumbai,4/29/2023,6/17/2023,Premium,1001,18,0,45.54,15,Email,No,17867.85
11470,32,Male,Pune,11/1/2022,9/14/2023,Basic,1201,28,2,117.76,20,Organic,No,33387.8
11471,,Female,Mumbai,1/11/2022,3/30/2023,Premium,1040,4,0,39.38,10,Referral,No,4056
11472,26,Male,Hyderabad,1/13/2023,8/29/2022,Basic,365,1,1,5.83,15,Email,Yes,310.25
11473,25,Female,Mumbai,11/4/2021,9/23/2021,Basic,1271,16,3,64.3,5,Organic,Yes,20272.45
11474,40,Female,Hyderabad,4/1/2021,4/9/2022,Basic,677,2,3,22.33,20,Email,No,1218.6
11475,46,Female,Mumbai,1/28/2022,1/14/2022,Standard,687,1,2,10.12,15,Referral,No,583.95
11476,35,Female,Pune,6/18/2022,9/12/2023,Basic,1080,23,1,,20,Organic,No,24624
11477,48,Female,Delhi,3/13/2023,10/6/2023,Basic,508,26,0,89.21,20,Ads,No,13106.4
11478,,Female,,4/20/2021,1/31/2022,Basic,315,11,2,57.98,,Email,Yes,3465
11479,56,Male,Pune,7/15/2022,8/27/2023,Premium,1285,1,1,82.84,10,Email,No,1156.5
11480,52,Female,Chennai,10/3/2022,11/8/2022,Premium,666,11,2,66.9,0,Organic,No,7326
11481,35,Male,Hyderabad,8/8/2022,11/10/2022,Standard,1079,24,4,77.43,20,Referral,No,25680.2
11482,59,Female,Bangalore,12/6/2021,8/1/2022,Standard,739,10,1,73.62,5,Email,No,7353.05
11483,56,Male,Bangalore,7/19/2022,7/12/2021,Standard,989,14,4,81.57,5,Organic,No,13796.55
11484,34,Female,Hyderabad,12/22/2021,9/8/2022,Basic,1359,14,0,27.96,0,Referral,No,19026
11485,31,Male,Delhi,6/11/2023,2/12/2023,Premium,1146,7,1,35.9,,Email,Yes,7964.7
11486,48,Female,Mumbai,6/17/2021,3/5/2022,Basic,721,23,0,55.6,20,Organic,Yes,16438.8
11487,41,Male,Delhi,7/11/2022,9/14/2023,Basic,907,22,1,56.3,15,Referral,No,19817.95
11488,52,Female,Bangalore,3/28/2022,6/19/2021,Basic,319,27,1,94.06,20,Email,No,8549.2
11489,61,Female,Pune,4/15/2021,8/5/2021,Standard,975,2,5,47.25,15,Email,Yes,1803.75
11490,62,Male,Hyderabad,5/30/2021,11/14/2021,Standard,681,19,1,23.69,5,Referral,No,12904.95
11491,51,Female,Hyderabad,5/26/2021,1/6/2023,Standard,908,7,1,33.92,10,Referral,No,6265.2
11492,20,Female,Delhi,12/17/2022,7/8/2022,Basic,442,12,0,29.69,10,Organic,No,5259.8
11493,54,Female,Pune,5/24/2023,8/31/2023,Standard,361,3,3,89.14,20,Email,No,1010.8
11494,60,Male,Delhi,10/26/2021,7/14/2022,Basic,537,5,2,59.09,20,Email,No,2577.6
11495,57,Male,Mumbai,6/16/2021,9/20/2021,Basic,1454,8,2,86.49,5,Organic,No,11559.3
11496,43,Male,Chennai,12/14/2022,3/1/2022,Basic,1446,14,2,52.87,10,Email,No,20099.4
11497,,Male,Pune,10/8/2022,7/12/2022,Standard,1226,7,3,107.32,10,Email,No,8459.4
11498,61,Female,Chennai,12/24/2022,6/8/2022,Basic,641,7,1,118.1,20,Email,No,4358.8
11499,56,Male,Mumbai,2/17/2021,1/18/2023,Standard,754,32,1,82.03,10,Ads,No,24052.6
11500,32,Female,Chennai,9/30/2022,3/13/2023,Standard,581,8,1,104.34,20,Referral,No,4531.8
11501,,Male,Bangalore,8/27/2021,7/9/2021,Standard,1185,12,3,63.41,0,Ads,No,14220
11502,46,Female,Chennai,1/7/2021,9/13/2021,Standard,1324,10,4,112.48,10,Ads,Yes,13107.6
11503,39,Female,Mumbai,4/9/2022,4/20/2022,Basic,1022,14,3,100.63,15,Referral,No,14154.7
11504,42,Female,Chennai,3/29/2022,8/2/2023,Basic,386,9,0,119.05,5,Ads,No,3454.7
11505,30,Male,Hyderabad,2/23/2023,7/19/2022,Standard,964,30,3,76.66,20,Organic,No,28727.2
11506,35,Male,Delhi,6/16/2023,8/3/2022,Standard,1161,5,3,94.61,10,Ads,No,5688.9
11507,50,Male,Bangalore,1/6/2022,2/25/2023,Premium,360,1,0,67.43,10,Organic,Yes,324
11508,33,Male,Hyderabad,7/3/2022,5/31/2023,Premium,1096,1,3,,20,Referral,No,876.8
11509,62,Male,Hyderabad,5/2/2022,11/6/2023,Basic,394,20,4,45.8,15,Email,Yes,7820.9
11510,59,Male,Mumbai,7/30/2021,7/31/2021,Basic,1085,11,1,107.81,10,Referral,No,11826.5
11511,61,Male,Delhi,6/14/2021,2/2/2023,Standard,1470,26,3,11.43,0,Referral,Yes,38220
11512,19,Female,Delhi,5/5/2021,4/3/2022,Basic,1260,3,2,73.02,5,Ads,Yes,3717
11513,52,Male,Pune,12/3/2021,5/20/2022,Basic,596,6,1,47.84,20,Referral,No,3456.8
11514,,Female,Bangalore,7/11/2021,6/28/2022,Premium,1446,11,5,49.47,10,Referral,No,15761.4
11515,51,Male,Mumbai,12/31/2022,12/21/2021,Basic,993,8,1,106.73,5,Organic,Yes,7894.35
11516,47,Female,Bangalore,8/2/2021,2/13/2022,Premium,698,29,0,103.19,20,Email,No,20102.4
11517,30,Female,Pune,7/28/2022,9/29/2022,Standard,1245,10,2,73.87,20,Ads,No,12201
11518,30,Female,Chennai,11/24/2021,10/30/2022,Standard,833,34,1,36.39,20,Email,No,28155.4
11519,35,Female,Hyderabad,1/16/2022,8/20/2022,Basic,701,24,4,59.68,15,Email,No,16718.85
11520,,Male,Bangalore,11/4/2022,5/10/2023,Basic,429,17,1,51.95,0,Email,No,7293
11521,49,Female,Hyderabad,8/1/2022,11/27/2021,Standard,591,32,1,45.67,20,Ads,Yes,18793.8
11522,52,Male,Mumbai,3/9/2023,5/8/2022,Basic,575,11,2,16.82,15,Referral,No,6238.75
11523,56,Male,Chennai,8/27/2021,10/11/2021,Basic,1211,34,1,67.46,20,Email,Yes,40931.8
11524,63,Female,Mumbai,6/16/2022,8/17/2022,Basic,1225,24,3,39.71,20,Ads,Yes,29155
11525,46,Female,Chennai,12/1/2022,9/14/2023,Basic,354,5,5,80.99,15,Referral,No,1716.9
11526,46,Male,Chennai,3/23/2021,2/8/2022,Basic,1038,29,1,41.71,0,Email,No,30102
11527,61,Female,Hyderabad,12/29/2021,2/20/2022,Standard,1349,34,2,54.58,5,Organic,No,45798.55
11528,33,Female,Mumbai,5/20/2022,9/1/2021,Basic,1064,16,3,11.02,10,Ads,Yes,16917.6
11529,61,Male,Mumbai,7/21/2021,3/24/2023,Basic,941,25,3,119.14,,Email,Yes,23336.8
11530,64,Male,Bangalore,5/19/2022,7/16/2022,Standard,1023,8,3,63.38,0,Ads,No,8184
11531,27,Male,Mumbai,10/6/2022,10/16/2021,Premium,1101,29,2,7.79,10,Organic,No,31818.9
11532,47,Male,Bangalore,2/6/2021,12/25/2021,Basic,1037,25,0,67.24,20,Ads,No,25717.6
11533,42,Male,Delhi,10/6/2022,2/27/2023,Basic,1057,23,2,105.09,10,Referral,No,24205.3
11534,56,Male,Delhi,8/12/2022,6/16/2023,Standard,866,34,3,93.84,15,Email,No,29314.1
11535,37,Male,Delhi,8/24/2022,12/25/2022,Premium,639,3,2,85.6,0,Ads,No,1917
11536,22,Female,,2/6/2022,4/3/2022,Standard,452,30,0,21.04,0,Ads,No,13560
11537,18,Female,Mumbai,2/4/2023,2/21/2022,Standard,1303,34,3,80.64,5,Email,No,44236.85
11538,47,Other,Pune,5/6/2023,3/8/2023,Basic,726,32,4,93.12,5,Organic,No,23195.7
11539,,Male,Mumbai,12/7/2022,4/14/2022,Standard,1302,29,1,70.83,10,Organic,No,37627.8
11540,62,Female,Bangalore,6/25/2021,9/21/2021,Basic,503,9,4,107.67,15,Email,No,4451.55
11541,,Female,Pune,6/29/2022,6/13/2022,Standard,1435,2,0,36.85,10,Email,No,2726.5
11542,47,Female,Pune,7/24/2022,8/28/2022,Standard,624,7,3,32.85,20,Referral,No,4243.2
11543,21,Male,Pune,4/12/2022,12/8/2021,Premium,1249,5,3,105,0,Ads,Yes,6245
11544,35,Female,Chennai,7/20/2021,11/8/2023,Basic,1250,8,3,76.92,10,Ads,No,9875
11545,54,Male,Bangalore,6/24/2022,8/14/2022,Basic,1238,32,3,5.17,10,Organic,No,39492.2
11546,42,Male,Delhi,7/1/2022,12/4/2021,Standard,1256,18,2,45.61,,Referral,No,22608
11547,18,Female,Bangalore,9/29/2022,9/9/2023,Standard,1193,18,1,103.65,0,Ads,No,21474
11548,63,Female,Chennai,1/29/2022,6/2/2022,Standard,734,16,3,8.14,5,Referral,Yes,11707.3
11549,32,Male,Mumbai,4/13/2023,8/28/2021,Basic,670,21,1,5.37,5,Email,No,14036.5
11550,26,Female,Bangalore,2/11/2021,12/4/2021,Basic,1232,10,3,37.34,0,Ads,No,12320
11551,32,Female,Pune,8/20/2022,8/28/2023,Standard,548,4,3,110.11,10,Email,No,2137.2
11552,41,Female,Delhi,1/28/2022,10/10/2021,Basic,1190,8,3,108.67,20,Organic,No,9282
11553,21,Female,Delhi,12/1/2022,10/20/2023,Premium,480,19,2,64.66,10,Organic,Yes,9072
11554,29,Male,Mumbai,9/15/2022,2/25/2023,Standard,1002,9,3,68.62,20,Email,Yes,8817.6
11555,54,Other,,2/22/2023,12/12/2022,Standard,1298,30,1,43.18,0,Organic,No,38940
11556,54,Female,Chennai,3/17/2022,8/9/2023,Standard,377,17,2,33.03,20,Email,No,6333.6
11557,60,Male,Mumbai,4/17/2023,6/11/2022,Standard,1218,15,1,98.75,5,Email,No,18209.1
11558,23,Female,Bangalore,9/9/2022,4/22/2023,Basic,1184,4,4,17.22,0,Email,No,4736
11559,56,Female,Hyderabad,5/21/2022,4/23/2023,Premium,635,6,3,61.05,15,Organic,No,3714.75
11560,63,Female,Delhi,11/16/2021,9/7/2021,Basic,349,16,4,77.96,20,Organic,No,5514.2
11561,41,Female,Chennai,7/7/2022,9/20/2023,Standard,384,26,4,16.92,20,Organic,No,9907.2
11562,,Female,Pune,8/3/2021,7/4/2021,Basic,994,23,4,64.75,15,Email,No,22712.9
11563,30,Female,Chennai,3/12/2021,1/3/2023,Standard,303,13,4,71.41,,Referral,No,3893.55
11564,51,Female,Pune,7/22/2022,11/18/2021,Basic,1292,17,1,90.39,0,Organic,No,21964
11565,,Female,Chennai,8/24/2021,6/1/2022,Basic,616,27,0,32.01,10,Referral,Yes,16570.4
11566,24,Male,Delhi,10/8/2021,7/24/2023,Premium,1434,22,0,38.73,15,Organic,No,31332.9
11567,21,Female,,9/9/2022,7/29/2021,Basic,1062,19,4,70.49,20,Ads,Yes,19965.6
11568,25,Male,Bangalore,6/6/2023,11/28/2021,Standard,1456,35,3,118.06,15,Ads,No,50741.6
11569,37,Female,,6/11/2021,6/19/2021,Premium,911,13,0,30.01,0,Ads,No,11843
11570,46,Female,Mumbai,7/10/2021,1/12/2022,Basic,1304,14,1,118.38,0,Referral,No,18256
11571,62,Female,Bangalore,1/9/2021,9/16/2022,Standard,1213,31,2,87.15,20,Organic,No,37360.4
11572,63,Female,Mumbai,3/1/2021,9/3/2021,Basic,1098,2,1,100,20,Email,No,1976.4
11573,27,Female,,6/12/2023,10/29/2023,Basic,418,14,1,15.31,20,Referral,No,5768.4
11574,60,Male,Bangalore,3/28/2023,3/24/2022,Basic,649,9,6,39.55,10,Organic,No,5776.1
11575,51,Female,Chennai,8/13/2021,1/14/2023,Premium,1216,10,1,11.64,20,Ads,No,11916.8
11576,43,Male,Hyderabad,3/30/2023,11/22/2021,Basic,986,7,2,47.73,0,Referral,No,6902
11577,58,Male,Chennai,12/1/2022,1/8/2022,Standard,841,28,0,117.85,0,Organic,No,23548
11578,20,Male,Chennai,8/5/2022,2/5/2023,Standard,1378,25,1,17.11,15,Email,No,34243.3
11579,23,Female,Mumbai,3/16/2023,7/24/2021,Premium,660,28,1,69.67,20,Referral,No,18348
11580,22,Female,Pune,10/14/2021,4/26/2023,Basic,1007,2,2,5.7,10,Email,No,1913.3
11581,22,Female,Hyderabad,6/18/2021,10/11/2023,Standard,984,17,1,86.96,5,Referral,No,16678.8
11582,64,Male,Chennai,3/3/2021,7/8/2022,Standard,629,4,0,27.68,15,Ads,No,2421.65
11583,40,Female,Chennai,12/15/2021,4/14/2022,Standard,518,13,1,19.9,10,Ads,No,6682.2
11584,26,Male,Hyderabad,3/18/2022,10/15/2023,Premium,507,18,3,43.76,20,Ads,No,9024.6
11585,52,Male,Hyderabad,1/14/2021,5/15/2022,Premium,1144,3,1,93.67,10,Email,No,3317.6
11586,37,Female,Bangalore,6/13/2021,8/17/2022,Basic,384,33,1,17.26,5,Ads,Yes,12652.8
11587,59,Male,Mumbai,2/24/2022,9/11/2023,Standard,984,24,3,31.43,10,Email,No,23517.6
11588,52,Male,Hyderabad,1/27/2023,1/1/2023,Basic,544,8,3,5.97,5,Email,No,4324.8
11589,35,Male,Hyderabad,4/27/2023,11/22/2022,Basic,1171,35,1,116.37,5,Email,No,40926.45
11590,34,Male,Delhi,6/4/2022,7/26/2023,Standard,1322,2,0,73.1,5,Ads,No,2577.9
11591,41,Male,Pune,10/28/2022,3/9/2022,Basic,895,33,4,87.79,10,Organic,No,29445.5
11592,20,Male,Hyderabad,7/2/2022,5/26/2022,Basic,984,12,2,79.91,20,Email,Yes,11611.2
11593,49,Female,Mumbai,7/14/2022,9/1/2023,Premium,1456,22,1,21.6,0,Organic,No,32032
11594,52,Female,Pune,8/20/2022,2/21/2023,Basic,1313,13,3,,0,Email,No,17069
11595,55,Female,Pune,1/28/2021,11/9/2023,Premium,1313,10,1,20.11,10,Ads,No,12998.7
11596,30,Other,Chennai,12/9/2022,3/8/2023,Standard,649,17,1,51.14,20,Ads,No,10903.2
11597,64,Male,Chennai,3/22/2022,3/3/2023,Standard,581,5,4,70.43,0,Ads,Yes,2905
11598,42,Female,Chennai,7/27/2021,6/8/2021,Premium,592,9,4,69.27,5,Referral,Yes,5298.4
11599,26,Other,Chennai,4/15/2022,12/15/2022,Basic,1283,13,1,18.69,10,Ads,No,16550.7
11600,21,Male,Delhi,12/17/2022,10/4/2022,Basic,319,23,2,8.96,10,Organic,Yes,7305.1
11601,31,Female,Hyderabad,3/30/2023,5/7/2022,Basic,1058,30,4,96.8,15,Email,No,31581.3
11602,54,Male,Chennai,4/14/2021,9/15/2022,Basic,704,4,2,88.48,15,Organic,Yes,2710.4
11603,51,Male,Bangalore,1/12/2023,8/2/2023,Premium,1438,21,2,14.41,15,Referral,No,29982.3
11604,28,Male,Chennai,3/2/2022,4/18/2023,Premium,1000,9,1,19.65,20,Organic,No,8800
11605,58,Female,Hyderabad,4/11/2021,4/26/2023,Basic,1279,7,2,107.65,10,Email,Yes,8825.1
11606,20,Female,Chennai,6/25/2022,5/5/2023,Basic,325,16,1,93.45,15,Email,No,5151.25
11607,45,Female,Delhi,10/1/2022,2/4/2022,Basic,865,23,3,119.56,10,Ads,No,19808.5
11608,46,Male,Mumbai,4/30/2023,1/21/2022,Basic,694,23,4,34.21,5,Referral,Yes,15927.3
11609,26,Male,Mumbai,6/6/2022,8/22/2021,Standard,1300,31,3,,15,Referral,No,40105
11610,20,Male,Hyderabad,4/16/2021,9/1/2021,Basic,822,5,1,32.19,10,Organic,No,4027.8
11611,42,Male,Mumbai,11/10/2022,11/2/2023,Standard,1161,6,0,76.62,20,Ads,No,6733.8
11612,51,Female,Mumbai,2/8/2023,6/29/2022,Basic,1406,1,1,18.27,20,Ads,Yes,1124.8
11613,29,Male,,3/18/2023,9/2/2023,Basic,1101,28,4,19.63,,Ads,Yes,30607.8
11614,59,Female,,10/4/2021,2/23/2022,Standard,849,18,1,13.27,15,Email,No,15154.65
11615,,Female,Hyderabad,3/6/2021,7/22/2022,Standard,386,24,2,84.76,20,Referral,No,9186.8
11616,32,Male,Mumbai,2/22/2023,2/22/2023,Premium,1132,13,0,61.82,0,Organic,No,14716
11617,57,Female,Mumbai,6/19/2023,1/4/2023,Premium,686,33,5,76.04,5,Organic,No,22603.7
11618,42,Male,Mumbai,7/7/2021,11/11/2022,Basic,1262,10,2,106.12,10,Organic,Yes,12493.8
11619,22,Male,Pune,11/13/2021,2/8/2022,Basic,967,7,1,90.14,0,Ads,No,6769
11620,,Male,Delhi,5/18/2021,9/30/2021,Premium,585,32,3,58.1,15,Referral,Yes,18632.25
11621,51,Female,Chennai,12/9/2021,11/9/2023,Premium,997,22,4,118.2,10,Referral,No,21834.3
11622,41,Male,Delhi,4/15/2021,6/10/2021,Premium,1264,16,1,57.47,10,Email,No,20097.6
11623,32,Female,Hyderabad,6/30/2022,8/8/2023,Basic,668,24,1,17.93,20,Email,No,15898.4
11624,55,Female,Bangalore,1/15/2022,4/12/2022,Premium,954,14,4,119.16,10,Email,No,13260.6
11625,25,Male,Chennai,4/20/2021,9/16/2023,Basic,953,11,4,7.62,10,Organic,Yes,10387.7
11626,22,Female,Bangalore,6/29/2022,2/28/2022,Standard,996,19,1,68.24,5,Organic,Yes,18874.2
11627,43,Female,Pune,12/20/2021,4/2/2022,Premium,1323,23,2,40.55,15,Referral,No,30230.55
11628,35,Male,Hyderabad,1/13/2023,8/14/2023,Basic,1214,34,3,62.91,0,Email,No,41276
11629,23,Male,Pune,11/13/2021,12/27/2021,Premium,587,13,2,69.25,20,Organic,No,7513.6
11630,54,Female,Hyderabad,9/23/2021,5/31/2023,Basic,394,28,3,32.61,5,Email,No,11012.3
11631,30,Male,Bangalore,11/25/2022,6/23/2023,Premium,968,16,2,69.04,0,Email,No,15488
11632,45,Female,Bangalore,5/2/2023,11/3/2023,Basic,340,28,8,91.95,0,Referral,No,9520
11633,22,Male,Bangalore,3/6/2021,9/7/2022,Premium,630,4,2,,5,Referral,Yes,2488.5
11634,30,Male,Hyderabad,11/29/2021,5/13/2023,Basic,1478,28,1,49.09,20,Organic,No,41088.4
11635,34,Male,,5/28/2022,5/29/2023,Standard,803,12,1,35.85,15,Referral,Yes,9515.55
11636,57,Male,Bangalore,5/13/2021,5/18/2023,Standard,574,16,0,99.36,5,Email,No,9155.3
11637,62,Female,Pune,8/15/2022,7/21/2022,Standard,478,20,0,88.37,5,Referral,No,9536.1
11638,49,Male,Chennai,2/22/2023,1/2/2022,Basic,436,26,2,105.19,,Email,No,11314.2
11639,46,Female,Hyderabad,1/23/2023,8/19/2021,Standard,1066,26,1,24.56,,Email,No,27502.8
11640,20,Female,Pune,6/24/2022,7/19/2023,Basic,1287,22,3,13.46,5,Organic,No,28249.65
11641,57,Female,Delhi,1/5/2023,9/23/2022,Standard,542,9,2,18.73,5,Organic,No,4850.9
11642,51,Female,Delhi,6/19/2022,11/8/2023,Basic,1419,5,1,23.52,10,Organic,No,6953.1
11643,57,Male,Chennai,5/11/2022,11/29/2022,Premium,496,17,1,66.3,10,Email,No,8382.4
11644,44,Male,Mumbai,9/13/2022,8/10/2023,Basic,825,34,2,116.65,10,Referral,No,27967.5
11645,30,Female,Bangalore,9/11/2022,6/18/2021,Basic,931,2,4,46.08,10,Organic,No,1768.9
11646,62,Male,Hyderabad,10/19/2022,11/12/2021,Basic,707,7,2,115.23,5,Organic,No,4913.65
11647,50,Female,Pune,1/4/2022,11/7/2022,Basic,1494,13,2,9.39,10,Referral,No,19272.6
11648,23,Male,Bangalore,5/16/2023,12/19/2021,Basic,990,20,1,111.59,0,Referral,Yes,19800
11649,41,Female,Pune,10/13/2022,6/11/2023,Standard,469,30,1,25.83,15,Organic,No,13999.65
11650,36,Female,Hyderabad,3/7/2023,5/12/2022,Premium,458,30,1,109.93,10,Email,No,13694.2
11651,33,Female,Delhi,3/21/2023,6/1/2022,Standard,746,11,1,11.47,20,Email,Yes,8056.8
11652,57,Female,Bangalore,4/9/2021,8/22/2022,Standard,1317,31,2,114.05,15,Organic,No,40629.45
11653,45,Female,Chennai,11/13/2021,10/26/2022,Basic,1405,3,2,28.09,0,Referral,No,4215
11654,50,Female,Mumbai,5/3/2021,4/15/2022,Standard,1380,2,4,39.81,15,Email,Yes,2553
11655,58,Female,Chennai,11/16/2021,1/3/2022,Basic,411,3,3,61.46,15,Referral,No,1171.35
11656,30,Male,Mumbai,3/10/2023,7/4/2021,Standard,347,15,4,48.78,0,Ads,No,5205
11657,60,Male,Pune,8/16/2022,10/19/2023,Basic,675,17,5,81.77,10,Referral,No,11407.5
11658,62,Male,Bangalore,5/10/2022,2/21/2022,Basic,1127,7,3,117.1,0,Referral,No,7889
11659,42,Female,Bangalore,4/2/2022,3/2/2023,Basic,332,5,2,74.74,20,Ads,Yes,1593.6
11660,59,Male,Mumbai,6/6/2022,5/25/2023,Premium,803,34,1,87.97,0,Email,No,27302
11661,53,Female,Delhi,6/4/2022,7/15/2023,Basic,926,33,3,15.12,5,Email,No,30511.7
11662,44,Female,Hyderabad,12/18/2022,9/2/2023,Standard,1326,16,2,77.2,5,Email,No,21149.7
11663,55,Female,Chennai,11/11/2021,8/19/2021,Basic,341,3,0,57.19,15,Organic,Yes,971.85
11664,24,Female,Pune,12/10/2022,4/8/2023,Standard,308,21,4,106.86,10,Ads,No,6437.2
11665,22,Male,Chennai,12/11/2022,7/18/2022,Premium,1299,8,3,49.64,10,Referral,No,10262.1
11666,60,Female,Chennai,6/26/2022,2/7/2022,Basic,1118,22,2,83.14,5,Ads,Yes,24540.1
11667,,Female,Pune,4/24/2022,6/12/2021,Standard,956,5,0,31.24,20,Ads,No,4588.8
11668,,Male,Pune,1/20/2021,7/6/2022,Premium,1465,17,1,34.83,0,Ads,No,24905
11669,40,Male,Bangalore,7/14/2022,8/25/2023,Standard,1089,14,6,48.25,0,Ads,No,15246
11670,59,Female,Chennai,5/10/2021,5/25/2023,Standard,1350,28,1,39.97,0,Ads,No,37800
11671,27,Female,Hyderabad,10/20/2021,3/9/2022,Standard,1366,31,3,34.2,20,Ads,No,42072.8
11672,49,Male,Hyderabad,6/16/2023,9/20/2021,Standard,1454,17,2,10.71,20,Organic,No,24427.2
11673,60,Female,Mumbai,5/12/2021,5/24/2023,Basic,897,35,4,101.23,0,Ads,Yes,31395
11674,47,Female,Pune,12/22/2021,6/13/2022,Premium,1235,22,0,12.39,0,Ads,No,27170
11675,56,Male,Bangalore,2/23/2021,6/21/2023,Basic,1311,29,2,107.05,20,Email,No,37756.8
11676,48,Other,Hyderabad,6/9/2023,2/23/2022,Basic,320,10,3,19.43,,Ads,No,3200
11677,35,Female,Delhi,3/4/2023,3/25/2022,Standard,1298,18,1,12.51,20,Ads,Yes,23104.4
11678,53,Female,Bangalore,1/22/2022,4/13/2022,Basic,756,35,0,69.75,15,Email,Yes,26346.6
11679,19,Female,Bangalore,9/22/2021,12/22/2022,Basic,1313,16,1,62.78,5,Email,No,20942.35
11680,,Male,Hyderabad,8/3/2021,10/22/2022,Standard,564,7,4,61.49,5,Email,Yes,3919.8
11681,30,Male,Delhi,4/5/2022,11/28/2022,Premium,483,30,2,71.07,20,Referral,No,14393.4
11682,46,Male,Mumbai,4/3/2022,7/15/2023,Premium,526,19,1,38.01,0,Ads,No,9994
11683,29,Male,Hyderabad,3/13/2023,5/31/2022,Premium,1396,23,1,,5,Ads,No,32038.2
11684,56,Male,Delhi,2/12/2021,11/29/2022,Premium,1473,8,2,62.78,10,Ads,No,11636.7
11685,19,Female,Bangalore,8/9/2022,2/26/2022,Basic,1392,17,1,43.5,0,Email,No,23664
11686,49,Female,Delhi,5/12/2023,9/17/2022,Basic,1268,21,3,100.05,20,Organic,No,26374.4
11687,30,Female,Bangalore,10/5/2021,6/9/2023,Premium,1104,26,4,88.69,10,Ads,No,28593.6
11688,63,Female,Hyderabad,4/18/2023,11/19/2022,Basic,1022,28,2,50.27,20,Email,No,28411.6
11689,44,Female,Pune,1/24/2023,1/20/2022,Standard,1395,33,2,102.48,0,Email,No,46035
11690,58,Male,Hyderabad,5/10/2021,7/29/2021,Standard,1301,19,4,110.83,15,Email,Yes,24523.85
11691,34,Male,Chennai,12/16/2021,2/6/2022,Basic,1174,29,1,,15,Referral,No,33869.9
11692,57,Female,,12/7/2022,9/25/2023,Premium,383,20,1,29.72,15,Email,No,7602.55
11693,48,Female,Chennai,6/28/2022,8/25/2021,Standard,1039,20,2,110.32,0,Organic,No,20780
11694,,Male,,4/16/2021,7/3/2023,Standard,522,10,1,26.79,0,Referral,Yes,5220
11695,41,Female,Mumbai,12/17/2022,6/25/2022,Premium,1092,12,1,10.57,10,Email,No,12994.8
11696,62,Male,Hyderabad,1/1/2021,11/27/2021,Standard,1032,33,3,42.66,0,Organic,No,34056
11697,52,Female,Pune,1/27/2023,5/20/2023,Basic,704,25,5,88.6,0,Organic,Yes,17600
11698,23,Female,Delhi,8/7/2022,10/4/2023,Standard,1492,25,3,111.18,10,Ads,No,37150.8
11699,36,Female,Hyderabad,3/8/2022,10/27/2021,Premium,628,4,1,78.29,10,Email,No,2449.2
11700,47,Other,Hyderabad,11/2/2021,1/4/2023,Standard,725,4,2,114.46,20,Email,Yes,2755
11701,24,Female,Bangalore,6/11/2022,9/29/2021,Standard,1069,9,6,15.62,5,Ads,No,9567.55
11702,27,Female,Bangalore,2/22/2021,7/5/2023,Standard,907,15,1,11.99,5,Organic,No,13559.65
11703,58,Female,Bangalore,6/4/2022,1/26/2023,Basic,825,26,2,74.48,20,Email,Yes,21285
11704,49,Female,Hyderabad,11/26/2021,2/11/2022,Premium,924,15,4,116.1,15,Ads,No,13721.4
11705,51,Female,Mumbai,7/12/2022,7/6/2023,Premium,376,26,3,62.81,0,Ads,No,9776
11706,45,Male,Delhi,11/21/2021,10/12/2023,Basic,1219,28,2,10.92,10,Organic,No,34010.1
11707,32,Male,Delhi,4/24/2021,8/9/2023,Basic,1245,7,0,,10,Organic,Yes,8590.5
11708,47,Female,Pune,5/27/2021,4/5/2022,Premium,765,32,5,33.15,15,Email,Yes,24365.25
11709,54,Male,Mumbai,6/15/2021,7/29/2021,Premium,1483,12,0,43.85,10,Email,No,17647.7
11710,46,Male,Mumbai,1/14/2022,8/8/2021,Premium,791,35,1,10.01,15,Referral,No,27566.35
11711,39,Other,Delhi,5/19/2021,8/20/2022,Premium,612,32,2,109.06,20,Organic,No,19461.6
11712,21,Female,Chennai,9/21/2022,6/23/2022,Standard,1484,9,2,64.29,15,Referral,No,13133.4
11713,37,Female,Bangalore,10/26/2021,8/25/2021,Standard,607,14,4,82.16,5,Referral,Yes,8467.65
11714,49,Male,Bangalore,10/3/2021,7/26/2023,Standard,1469,13,3,12.72,15,Ads,No,18876.65
11715,53,Male,Delhi,2/28/2023,1/13/2022,Basic,990,33,2,11.22,20,Ads,Yes,32472
11716,21,Male,Mumbai,4/30/2023,1/14/2023,Standard,388,32,2,72.44,15,Email,Yes,12357.8
11717,44,Male,Pune,4/5/2023,2/16/2023,Standard,1034,19,1,107.04,20,Organic,No,19439.2
11718,34,Male,Chennai,6/27/2021,12/1/2021,Standard,1077,30,1,65.78,5,Organic,No,32256.15
11719,29,Male,Delhi,4/22/2023,8/1/2023,Standard,1050,16,1,105.95,0,Referral,No,16800
11720,39,Female,Bangalore,12/20/2021,4/18/2022,Standard,670,12,6,98.26,20,Referral,No,7906
11721,34,Female,Hyderabad,6/3/2021,4/14/2022,Basic,750,10,0,,0,Email,Yes,7500
11722,27,Male,Mumbai,7/20/2021,12/18/2022,Basic,466,2,3,28.23,20,Ads,No,838.8
11723,18,Male,Hyderabad,5/28/2023,7/4/2022,Basic,691,18,4,80.64,15,Organic,No,12334.35
11724,39,Female,Pune,4/25/2021,5/10/2023,Basic,1035,13,3,56,0,Organic,No,13455
11725,43,Male,Delhi,11/2/2022,11/16/2023,Premium,790,29,3,38.43,20,Organic,No,22752
11726,35,Female,Bangalore,7/8/2022,3/20/2022,Basic,1224,24,0,53.14,20,Organic,Yes,29131.2
11727,31,Male,Chennai,1/29/2023,3/20/2022,Basic,1473,12,0,56.2,0,Ads,No,17676
11728,,Male,,3/9/2021,9/28/2022,Standard,1366,29,2,109.71,20,Email,No,39340.8
11729,46,Male,Chennai,3/21/2022,11/16/2023,Standard,1244,22,2,16.9,0,Email,No,27368
11730,29,Male,,3/21/2022,8/21/2022,Basic,328,1,0,37.17,5,Ads,No,311.6
11731,53,Female,Bangalore,11/22/2021,8/12/2023,Standard,1354,34,1,66.82,10,Email,No,45900.6
11732,52,Female,Hyderabad,4/26/2023,4/23/2023,Standard,992,34,0,85.3,,Email,No,33678.4
11733,29,Female,Pune,12/9/2022,11/9/2023,Basic,427,33,6,77.52,0,Referral,Yes,14091
11734,24,Male,Chennai,8/25/2022,7/17/2022,Basic,1066,4,2,113.29,15,Ads,Yes,4104.1
11735,46,Female,Chennai,9/15/2022,10/21/2022,Premium,740,30,5,96.5,15,Email,No,22089
11736,28,Female,Hyderabad,5/30/2023,6/4/2023,Premium,1168,20,4,69.06,10,Referral,Yes,23243.2
11737,50,Female,Bangalore,12/25/2021,7/26/2023,Standard,823,26,1,29.69,0,Ads,No,21398
11738,23,Male,Chennai,5/25/2021,11/7/2023,Basic,1059,15,4,56.85,20,Ads,No,15673.2
11739,64,Male,,10/2/2021,1/30/2022,Basic,409,7,4,84.74,5,Organic,No,2842.55
11740,32,Female,Pune,5/24/2022,7/25/2022,Standard,462,7,2,101.37,5,Referral,No,3210.9
11741,49,Female,Hyderabad,6/28/2021,11/1/2021,Basic,859,29,1,115.37,10,Referral,No,24825.1
11742,28,Male,Mumbai,1/23/2023,8/25/2023,Basic,698,23,2,74.63,10,Referral,No,15984.2
11743,40,Male,Mumbai,4/18/2023,7/29/2022,Standard,882,34,2,65.6,10,Ads,No,29899.8
11744,43,Female,Bangalore,4/11/2023,2/28/2022,Basic,698,20,2,7.03,10,Organic,No,13890.2
11745,51,Female,Delhi,4/22/2022,3/9/2023,Standard,538,15,4,13.29,10,Ads,No,8016.2
11746,63,Male,Chennai,4/23/2023,9/3/2023,Premium,1355,33,0,22.95,10,Email,No,44579.5
11747,51,Female,Mumbai,2/18/2022,11/2/2022,Basic,1446,17,1,11.3,20,Email,Yes,24292.8
11748,46,Female,Bangalore,6/2/2021,10/6/2021,Premium,409,20,1,51.1,20,Email,Yes,8098.2
11749,21,Female,Pune,4/14/2021,6/8/2022,Basic,599,13,2,43.74,5,Organic,No,7757.05
11750,34,Female,Delhi,3/16/2021,12/20/2022,Premium,1301,24,3,78.3,5,Ads,No,31158.95
11751,52,Male,Delhi,5/8/2021,2/28/2023,Basic,1063,7,0,66.6,10,Referral,No,7334.7
11752,30,Female,Bangalore,12/12/2022,11/6/2021,Basic,548,8,1,73.54,5,Email,Yes,4356.6
11753,58,Male,Bangalore,10/28/2022,12/23/2022,Standard,820,23,1,59.28,10,Email,No,18778
11754,56,Female,Chennai,7/22/2022,12/22/2022,Standard,333,14,0,36.94,20,Ads,No,4595.4
11755,32,Female,Bangalore,3/1/2023,3/14/2023,Premium,527,4,1,114.57,15,Referral,No,2028.95
11756,46,Male,Chennai,12/11/2021,11/23/2021,Basic,884,21,2,14.94,20,Organic,No,18387.2
11757,46,Female,Chennai,6/15/2022,2/10/2023,Basic,1257,10,1,112.97,0,Email,Yes,12570
11758,28,Other,Hyderabad,6/8/2021,12/28/2021,Standard,1112,22,2,40.79,20,Email,No,24241.6
11759,49,Male,Delhi,6/22/2022,8/21/2022,Standard,1023,30,3,63.96,0,Email,No,30690
11760,19,Female,Pune,3/2/2022,1/7/2023,Basic,883,30,3,17.52,5,Referral,No,26445.85
11761,64,Female,Delhi,11/12/2022,11/14/2021,Standard,869,16,2,13.16,20,Email,Yes,13730.2
11762,31,Female,Delhi,1/23/2021,9/3/2022,Standard,519,11,2,54.4,15,Referral,No,5631.15
11763,37,Male,Hyderabad,2/16/2021,5/23/2022,Premium,1086,22,0,90.3,20,Email,Yes,23674.8
11764,39,Male,Chennai,6/9/2022,3/31/2022,Premium,827,29,1,35.98,20,Email,No,23817.6
11765,28,Male,Chennai,12/30/2022,1/19/2022,Basic,374,25,1,69.67,20,Referral,Yes,9275.2
11766,44,Female,,4/14/2023,4/23/2022,Standard,435,14,2,37.04,10,Referral,No,6046.5
11767,20,Male,Hyderabad,12/7/2022,11/1/2023,Basic,373,14,6,49.69,20,Organic,No,5147.4
11768,34,Female,Bangalore,5/24/2021,11/29/2021,Standard,553,2,1,,20,Ads,No,995.4
11769,61,Male,Hyderabad,8/8/2022,2/24/2023,Standard,1341,13,1,103.42,15,Email,No,17231.85
11770,45,Female,Bangalore,10/30/2022,4/30/2022,Premium,1321,3,3,64.34,0,Email,No,3963
11771,46,Male,Mumbai,8/12/2022,5/16/2023,Standard,1366,30,4,32.38,0,Ads,Yes,40980
11772,38,Male,Delhi,2/23/2022,6/29/2021,Premium,349,18,1,27.22,,Ads,Yes,6229.65
11773,64,Male,Delhi,11/12/2022,5/15/2023,Premium,814,21,2,114.72,5,Ads,Yes,17053.3
11774,33,Male,Pune,3/10/2023,9/1/2021,Premium,1043,19,2,28.31,20,Email,No,19608.4
11775,54,Female,Chennai,3/26/2021,9/19/2023,Premium,1030,16,1,97.94,5,Email,No,16428.5
11776,37,Female,Pune,2/20/2022,10/16/2023,Standard,870,28,1,47.43,15,Email,No,24229.5
11777,23,Female,Mumbai,11/25/2022,4/19/2023,Basic,875,4,0,118.35,5,Referral,Yes,3456.25
11778,36,Female,Pune,4/27/2022,4/26/2022,Basic,1465,15,1,47.34,0,Organic,No,21975
11779,22,Female,Delhi,4/1/2022,5/24/2023,Basic,1202,1,2,45.42,10,Organic,Yes,1081.8
11780,20,Female,Chennai,4/7/2023,12/1/2021,Standard,501,16,3,78.31,5,Ads,No,7990.95
11781,18,Female,Mumbai,10/24/2021,9/3/2021,Standard,506,20,2,115.57,10,Ads,Yes,10069.4
11782,55,Female,Delhi,4/22/2021,7/25/2023,Standard,714,33,5,117.26,5,Email,No,23526.3
11783,32,Male,Bangalore,8/18/2021,3/11/2023,Premium,520,17,1,,,Organic,Yes,8762
11784,51,Female,Hyderabad,4/6/2021,6/19/2023,Premium,1057,5,1,91.78,10,Organic,No,5179.3
11785,52,Male,Mumbai,11/11/2022,5/19/2022,Basic,1404,5,1,69.79,5,Referral,Yes,6949.8
11786,42,Female,Chennai,1/13/2022,2/20/2022,Basic,1062,13,3,91.91,15,Email,No,13646.7
11787,41,Female,,6/5/2021,3/9/2023,Basic,862,30,2,103.87,0,Email,No,25860
11788,29,Male,Pune,2/25/2022,3/18/2023,Basic,668,4,0,60.9,20,Organic,Yes,2538.4
11789,35,Male,Mumbai,4/15/2021,6/19/2021,Standard,1195,23,2,76.28,15,Organic,No,27305.75
11790,32,Female,Chennai,12/6/2022,6/13/2023,Standard,503,21,2,66.79,15,Referral,No,10487.55
11791,61,Female,Mumbai,11/26/2021,3/8/2023,Standard,1348,21,1,69.68,0,Referral,No,28308
11792,33,Male,Chennai,3/15/2022,2/16/2023,Premium,1256,6,0,107.36,10,Email,Yes,7410.4
11793,44,Female,Pune,5/12/2021,10/12/2022,Premium,368,24,1,45.9,5,Referral,No,8813.6
11794,25,Female,Delhi,5/17/2023,10/17/2021,Basic,815,31,3,28.94,10,Organic,No,25183.5
11795,63,Female,Bangalore,1/17/2022,2/27/2023,Standard,539,19,1,57.47,15,Email,Yes,10160.15
11796,42,Other,Delhi,5/18/2021,5/17/2023,Basic,660,12,5,28.93,5,Organic,No,7887
11797,,Female,Bangalore,4/23/2023,12/25/2022,Basic,1354,14,2,62.32,20,Email,Yes,18685.2
11798,46,Male,Pune,9/27/2021,7/2/2023,Basic,1006,12,3,108.9,,Email,No,11870.8
11799,25,Female,Delhi,7/4/2022,8/19/2023,Standard,989,15,2,76,5,Organic,No,14785.55
11800,32,Female,Delhi,1/31/2022,11/7/2022,Basic,956,19,0,103.37,15,Email,No,18020.6
11801,44,Male,Mumbai,7/11/2022,2/10/2022,Basic,643,28,1,24.11,0,Email,Yes,18004
11802,63,Male,Hyderabad,4/9/2022,8/24/2021,Standard,835,5,1,108.6,10,Referral,No,4091.5
11803,24,Male,Pune,11/6/2022,9/1/2022,Standard,654,5,3,74.21,10,Organic,No,3204.6
11804,,Female,Chennai,3/26/2022,11/14/2022,Basic,1227,6,4,8.65,0,Organic,No,7362
11805,46,Female,Pune,11/27/2021,12/14/2022,Basic,1282,23,2,77.81,0,Referral,No,29486
11806,61,Female,Chennai,9/10/2021,4/7/2023,Premium,404,3,3,114.41,20,Email,Yes,1131.2
11807,41,Female,Chennai,11/12/2022,8/31/2021,Basic,1261,33,0,14.1,,Ads,No,41613
11808,20,Female,Bangalore,10/12/2021,1/21/2023,Premium,826,21,0,71.98,5,Ads,No,17304.7
11809,37,Male,Chennai,10/1/2021,8/8/2021,Standard,803,20,1,110.28,20,Organic,No,15899.4
11810,63,Male,Chennai,1/20/2021,7/7/2021,Basic,1408,1,2,6.11,15,Referral,Yes,1196.8
11811,32,Male,Mumbai,8/27/2021,7/5/2023,Basic,1230,17,2,77.55,20,Email,No,20664
11812,42,Male,Delhi,9/27/2021,7/4/2023,Basic,1008,29,2,59.61,20,Referral,No,29030.4
11813,47,Female,Pune,2/22/2022,10/18/2021,Basic,534,8,2,44.9,10,Email,No,4218.6
11814,,Female,Pune,11/6/2021,10/15/2023,Basic,1329,26,0,77.17,0,Organic,Yes,34554
11815,24,Male,Chennai,1/31/2021,11/10/2023,Standard,793,28,2,11.06,5,Organic,No,22164.35
11816,34,Female,Hyderabad,4/6/2023,4/11/2023,Basic,1177,34,1,91.6,0,Ads,No,40018
11817,61,Female,Pune,4/14/2021,12/18/2022,Standard,1266,26,0,,10,Referral,Yes,32789.4
11818,37,Male,Chennai,11/13/2022,11/15/2023,Standard,1265,13,1,40.3,0,Organic,No,16445
11819,53,Male,Bangalore,7/5/2021,11/25/2021,Basic,1263,13,1,62.96,5,Referral,No,16355.85
11820,26,Male,Bangalore,5/8/2021,8/18/2023,Basic,1196,25,0,48.36,0,Organic,Yes,29900
11821,55,Male,,7/29/2021,8/22/2023,Basic,516,23,2,40.36,10,Email,Yes,11816.4
11822,39,Female,Chennai,2/18/2022,10/19/2023,Basic,922,22,2,100.55,5,Email,No,20237.9
11823,19,Male,Mumbai,10/8/2021,2/8/2023,Standard,652,21,2,112.51,0,Ads,Yes,13692
11824,41,Male,Hyderabad,9/10/2021,10/15/2021,Basic,991,30,2,105.48,10,Organic,No,29630.9
11825,25,Female,Chennai,1/19/2021,12/7/2021,Standard,974,11,0,65.08,10,Ads,No,10616.6
11826,28,Other,Mumbai,12/13/2022,3/2/2023,Basic,930,4,3,106.68,20,Ads,No,3534
11827,30,Male,Mumbai,1/2/2023,5/8/2022,Standard,624,33,0,110.9,5,Organic,Yes,20560.8
11828,34,Male,Pune,5/16/2021,12/11/2022,Standard,1200,12,2,52.06,5,Organic,No,14340
11829,25,Male,Chennai,8/11/2021,6/5/2021,Standard,1468,9,0,37.6,0,Email,Yes,13212
11830,38,Male,Chennai,1/3/2021,2/12/2022,Basic,607,32,4,16.3,20,Ads,No,19302.6
11831,35,Male,Mumbai,8/24/2021,8/21/2023,Basic,953,11,0,60.1,5,Email,Yes,10435.35
11832,47,Female,Mumbai,5/4/2023,3/24/2023,Standard,584,24,5,113.82,10,Referral,No,13957.6
11833,35,Male,Mumbai,4/10/2022,8/15/2023,Basic,691,7,4,69.5,5,Referral,Yes,4802.45
11834,63,Male,Pune,8/16/2021,1/29/2022,Basic,659,8,0,81.77,20,Ads,No,5140.2
11835,64,Female,Chennai,10/16/2022,7/27/2023,Standard,1068,33,0,17.98,15,Ads,No,35083.8
11836,48,Male,Mumbai,5/14/2022,5/21/2023,Standard,1096,25,2,21.5,10,Organic,Yes,27290.4
11837,55,Male,Bangalore,6/5/2022,7/20/2022,Standard,1231,1,3,58.41,5,Organic,Yes,1169.45
11838,49,Male,Chennai,12/3/2022,2/17/2023,Standard,464,3,1,114.4,10,Ads,No,1345.6
11839,28,Other,,5/12/2023,5/8/2023,Standard,1032,28,1,46.49,0,Ads,No,28896
11840,62,Male,Bangalore,11/8/2022,5/9/2022,Standard,880,33,2,105.91,10,Referral,Yes,28952
11841,42,Female,,5/19/2021,4/13/2023,Standard,1120,1,4,,,Email,Yes,1064
11842,50,Female,Chennai,10/3/2021,6/14/2022,Standard,423,27,1,75.96,0,Referral,No,11421
11843,55,Male,Delhi,10/18/2021,1/15/2023,Premium,643,35,1,74.07,0,Referral,No,22505
11844,58,Other,Mumbai,2/22/2021,3/28/2023,Basic,823,10,0,103.89,0,Email,No,8230
11845,25,Male,Pune,11/18/2022,3/15/2023,Basic,1375,12,1,5.38,15,Ads,No,16293.75
11846,28,Male,Mumbai,4/20/2021,9/4/2023,Standard,428,10,0,,15,Ads,No,4215.8
11847,39,Female,Pune,12/16/2022,10/24/2021,Standard,1458,34,1,30.26,0,Referral,Yes,49572
11848,41,Female,Hyderabad,10/10/2022,4/19/2022,Basic,956,24,2,114.25,5,Referral,No,22896.2
11849,58,Female,Mumbai,1/4/2021,9/30/2021,Premium,1450,28,3,,0,Email,No,40600
11850,34,Male,Delhi,10/29/2022,2/7/2022,Basic,1037,22,1,9.25,0,Organic,No,22814
11851,29,Male,Pune,11/15/2022,10/3/2023,Standard,1238,16,4,66.46,10,Organic,No,19684.2
11852,63,Female,Mumbai,5/20/2023,11/16/2023,Standard,370,13,3,65.78,10,Ads,No,4773
11853,49,Male,Chennai,2/16/2021,4/7/2022,Premium,572,23,2,102.07,10,Organic,Yes,13098.8
11854,32,Male,Pune,4/4/2021,1/22/2023,Basic,1326,14,1,114.12,20,Ads,No,18298.8
11855,33,Male,Pune,7/14/2022,9/18/2022,Standard,321,32,3,66.93,10,Ads,No,10239.9
11856,39,Male,Mumbai,1/22/2023,12/22/2022,Basic,465,3,3,111.95,10,Ads,Yes,1348.5
11857,,Female,Hyderabad,5/9/2023,10/5/2022,Basic,1174,27,2,88.39,5,Email,No,31639.3
11858,37,Male,Mumbai,8/1/2021,12/27/2022,Basic,797,19,1,35.42,15,Referral,Yes,15023.45
11859,50,Other,Delhi,3/12/2022,5/13/2022,Standard,733,22,2,111.77,15,Organic,Yes,16016.05
11860,27,Male,Delhi,5/2/2023,8/29/2023,Standard,1057,1,2,81.76,15,Email,No,898.45
11861,57,Female,Pune,5/23/2022,9/30/2022,Basic,533,5,4,52.62,20,Organic,No,2558.4
11862,49,Male,Pune,4/16/2023,9/16/2022,Standard,1136,33,1,83.23,0,Email,No,37488
11863,50,Male,Mumbai,10/13/2022,6/17/2022,Standard,962,19,0,51.15,10,Organic,No,18181.8
11864,19,Male,Delhi,7/24/2021,3/7/2022,Standard,1024,6,7,18.13,5,Organic,No,6092.8
11865,50,Male,Delhi,1/16/2022,8/11/2021,Premium,675,15,1,87.68,20,Referral,No,9990
11866,,Female,Hyderabad,3/14/2021,11/3/2022,Basic,1029,33,2,99.77,15,Organic,Yes,33802.65
11867,58,Other,Chennai,5/31/2022,6/1/2022,Premium,602,24,1,88.81,,Email,No,14327.6
11868,30,Female,Hyderabad,3/17/2021,9/2/2021,Premium,704,27,7,31.35,5,Organic,No,18972.8
11869,47,Male,Bangalore,4/21/2023,6/8/2022,Basic,1007,11,1,115.01,20,Referral,No,10875.6
11870,50,Male,Hyderabad,3/18/2021,5/5/2022,Basic,1216,23,4,7.9,15,Organic,Yes,27785.6
11871,30,Male,,3/27/2023,8/11/2022,Basic,320,33,0,43.26,,Email,No,10560
11872,43,Female,Chennai,2/7/2023,5/2/2022,Basic,556,29,1,34.91,15,Organic,Yes,16040.6
11873,39,Female,Mumbai,2/14/2022,3/26/2023,Standard,698,31,3,10.53,15,Referral,No,21533.3
11874,56,Female,Bangalore,9/6/2022,10/5/2022,Standard,350,1,5,,15,Referral,No,297.5
11875,19,Male,Chennai,4/16/2021,10/16/2023,Standard,746,34,3,76.66,20,Referral,Yes,25214.8
11876,55,Female,Pune,4/25/2023,7/10/2021,Standard,1126,18,1,106.49,5,Referral,No,20211.7
11877,56,Male,Delhi,7/5/2022,5/25/2022,Basic,894,18,1,118.81,15,Ads,No,15957.9
11878,43,Female,,4/21/2022,12/26/2022,Premium,1117,6,3,,20,Referral,No,6478.6
11879,63,Female,Mumbai,4/6/2023,2/9/2022,Basic,935,1,1,58.9,5,Organic,No,888.25
11880,32,Female,,10/2/2021,1/2/2023,Premium,1372,30,3,88.23,0,Organic,No,41160
11881,51,Female,Delhi,3/29/2021,7/3/2022,Basic,1441,4,2,102.02,15,Organic,No,5547.85
11882,59,Male,Hyderabad,12/24/2022,6/27/2023,Premium,1074,32,0,58.51,10,Organic,No,34260.6
11883,61,Female,Delhi,5/31/2023,10/25/2023,Basic,1272,10,0,95.28,20,Ads,No,12465.6
11884,57,Male,Hyderabad,3/18/2021,11/17/2021,Basic,696,5,2,60.51,0,Ads,No,3480
11885,28,Female,Pune,3/18/2021,4/21/2023,Basic,982,9,3,49.45,0,Ads,No,8838
11886,20,Male,Chennai,3/18/2022,5/2/2023,Standard,1350,5,1,65.5,0,Organic,No,6750
11887,23,Female,Delhi,6/24/2022,10/24/2022,Premium,1010,11,2,82.72,20,Email,Yes,10908
11888,26,Female,Delhi,9/2/2021,2/15/2022,Basic,1420,35,1,88.59,5,Email,Yes,49629
11889,23,Female,Delhi,8/1/2022,1/5/2023,Premium,828,27,1,46.02,10,Organic,No,22273.2
11890,26,Female,Chennai,2/17/2023,9/2/2022,Standard,984,4,1,70.7,5,Referral,Yes,3886.8
11891,56,Female,Bangalore,1/17/2022,11/11/2022,Standard,912,10,3,109.64,15,Referral,Yes,8983.2
11892,48,Female,Hyderabad,12/18/2022,10/30/2023,Premium,485,33,1,117.28,10,Organic,Yes,15956.5
11893,49,Female,Pune,7/24/2022,5/7/2022,Basic,995,8,4,31.13,5,Referral,No,7910.25
11894,58,Female,,12/14/2022,7/27/2021,Basic,514,24,3,27.18,15,Referral,No,12258.9
11895,29,Male,Chennai,1/7/2023,1/4/2022,Premium,515,33,4,82.82,10,Email,No,16943.5
11896,25,Other,Bangalore,5/22/2021,2/9/2023,Premium,328,19,2,52.69,,Organic,No,6166.4
11897,25,Female,Hyderabad,6/12/2023,8/25/2023,Premium,401,2,1,,15,Ads,No,741.85
11898,45,Female,,1/3/2022,4/16/2023,Premium,422,11,1,44.89,5,Email,Yes,4620.9
11899,37,Male,Pune,3/25/2021,6/1/2023,Basic,353,35,2,97.78,10,Organic,No,12319.7
11900,64,Male,Pune,5/23/2021,9/7/2022,Premium,1440,17,2,96.7,15,Organic,Yes,24264
11901,24,Female,Hyderabad,12/18/2021,2/2/2022,Basic,915,3,2,61.89,15,Email,No,2607.75
11902,28,Male,Delhi,6/29/2022,5/31/2023,Premium,856,22,4,59.35,20,Referral,No,18660.8
11903,37,Female,Pune,6/1/2021,6/8/2022,Standard,413,35,1,71.64,15,Referral,No,14393.05
11904,33,Female,Bangalore,6/7/2021,7/22/2022,Standard,1154,21,2,30.23,10,Email,No,24118.6
11905,21,Male,Chennai,3/22/2022,7/1/2021,Standard,975,25,1,,0,Organic,No,24375
11906,23,Female,Bangalore,10/15/2022,6/3/2022,Basic,1276,2,1,6.27,10,Ads,No,2424.4
11907,39,Female,Delhi,2/2/2023,12/11/2022,Basic,1000,1,3,59.69,10,Organic,No,900
11908,43,Female,Bangalore,10/30/2021,3/8/2023,Premium,591,7,1,43.65,20,Ads,No,4018.8
11909,20,Female,Bangalore,9/16/2022,9/16/2021,Premium,560,20,4,82.61,20,Ads,No,11088
11910,58,Male,Mumbai,10/18/2022,1/5/2023,Basic,863,6,2,78.41,15,Organic,No,5048.55
11911,59,Female,,3/26/2022,9/17/2023,Standard,348,21,0,48.8,20,Organic,No,7238.4
11912,31,Male,Hyderabad,12/22/2022,7/23/2022,Standard,1329,35,5,5.84,15,Organic,No,46315.65
11913,28,Female,Chennai,8/12/2021,2/10/2023,Basic,678,8,3,34.01,0,Ads,No,5424
11914,35,Female,Mumbai,2/12/2021,8/30/2023,Basic,523,4,2,77.84,5,Referral,Yes,2065.85
11915,29,Male,Chennai,9/21/2021,7/3/2022,Premium,1346,16,0,13.32,20,Ads,Yes,21266.8
11916,40,Female,Chennai,1/26/2023,2/27/2022,Standard,1307,3,0,17.38,20,Ads,No,3659.6
11917,29,Female,Delhi,1/3/2021,4/14/2023,Standard,956,7,4,79.41,0,Ads,No,6692
11918,30,Male,Delhi,9/29/2022,9/24/2021,Standard,409,2,1,91.91,20,Email,Yes,736.2
11919,42,Other,Mumbai,9/25/2021,9/19/2023,Basic,1023,1,1,41.98,0,Referral,No,1023
11920,62,Male,Pune,8/19/2022,1/7/2023,Standard,852,1,1,61.31,15,Ads,No,724.2
11921,36,Male,Delhi,1/16/2021,2/11/2022,Basic,1495,7,4,113.76,,Ads,No,10166
11922,63,Female,Delhi,11/30/2021,8/20/2021,Basic,1305,24,1,113.74,20,Email,No,31059
11923,53,Female,Delhi,4/9/2022,7/20/2023,Standard,997,5,6,40.36,15,Ads,Yes,4835.45
11924,62,Female,,2/28/2021,10/6/2021,Premium,1025,21,3,98.15,20,Referral,No,21320
11925,,Female,Mumbai,6/26/2021,9/16/2023,Basic,605,28,0,73.3,10,Ads,Yes,16879.5
11926,46,Female,Chennai,3/4/2021,1/21/2022,Basic,1258,18,1,117.18,0,Referral,No,22644
11927,49,Female,Hyderabad,7/15/2022,12/5/2022,Standard,1253,24,3,59.93,5,Referral,Yes,30009.35
11928,61,Male,Chennai,11/3/2021,11/28/2021,Premium,1474,32,2,94.09,10,Organic,Yes,47020.6
11929,35,Male,,9/3/2021,11/4/2021,Standard,920,33,2,93.34,5,Email,No,30314
11930,23,Male,Bangalore,10/16/2021,8/28/2022,Premium,929,10,2,62.2,10,Email,No,9197.1
11931,35,Male,Bangalore,3/9/2023,12/23/2022,Standard,1176,9,1,96.5,10,Email,No,10466.4
11932,36,Female,Hyderabad,11/28/2021,10/5/2023,Standard,855,33,1,35.02,10,Organic,No,28129.5
11933,39,Male,Hyderabad,6/11/2022,7/1/2023,Basic,366,33,2,19.06,0,Organic,No,12078
11934,54,Male,Chennai,4/30/2023,5/5/2023,Basic,1479,7,1,53.89,5,Referral,Yes,10279.05
11935,49,Male,Hyderabad,9/12/2021,6/24/2021,Basic,1134,4,2,113.52,15,Email,No,4365.9
11936,58,Female,Mumbai,8/27/2022,9/16/2022,Standard,505,28,2,62.59,15,Organic,No,14064.25
11937,,Female,Bangalore,5/25/2022,7/5/2022,Premium,1085,23,2,78.05,20,Organic,No,24738
11938,45,Female,Bangalore,3/2/2023,1/13/2023,Premium,454,32,2,76.78,0,Organic,No,14528
11939,27,Female,Pune,12/19/2022,10/12/2021,Basic,1397,16,3,20.25,0,Referral,No,22352
11940,52,Female,Hyderabad,8/29/2022,7/26/2022,Basic,1372,10,1,49.88,0,Ads,No,13720
11941,46,Female,Delhi,1/7/2023,12/30/2021,Basic,1082,14,6,86.3,,Organic,No,15039.8
11942,32,Male,Delhi,3/24/2023,11/17/2023,Basic,884,34,2,116.78,0,Organic,No,30056
11943,50,Female,Hyderabad,4/10/2023,9/25/2022,Standard,1007,24,1,24.32,15,Organic,No,24016.95
11944,24,Female,Mumbai,4/8/2022,5/14/2022,Premium,478,18,0,52.2,0,Email,Yes,8604
11945,29,Female,Delhi,7/18/2021,11/13/2021,Premium,1371,16,2,,10,Email,Yes,21798.9
11946,47,Female,Pune,9/28/2021,5/14/2022,Standard,1395,25,1,32.87,5,Organic,No,34805.25
11947,38,Female,Hyderabad,1/16/2023,9/27/2023,Premium,412,8,1,48.33,0,Referral,Yes,3296
11948,48,Female,Mumbai,7/12/2022,7/3/2022,Standard,1056,24,1,67.17,5,Ads,No,25291.2
11949,41,Female,Mumbai,3/5/2021,1/4/2023,Basic,1196,20,1,,20,Email,Yes,23680.8
11950,37,Male,Chennai,8/18/2021,5/27/2023,Standard,1120,30,2,31.17,10,Ads,No,33488
11951,54,Female,Mumbai,9/6/2021,8/9/2022,Standard,458,20,0,94.45,0,Organic,No,9160
11952,,Male,Delhi,9/3/2021,12/29/2022,Standard,1085,18,1,115.7,,Email,Yes,19313
11953,45,Female,Delhi,8/10/2022,1/7/2022,Basic,1353,4,3,42.22,20,Ads,No,5141.4
11954,61,Female,Hyderabad,6/6/2021,4/4/2022,Basic,1420,6,1,84.12,5,Organic,No,8449
11955,37,Male,Hyderabad,1/5/2023,8/7/2023,Basic,550,3,2,34.68,15,Email,Yes,1567.5
11956,41,Female,Mumbai,12/3/2022,4/28/2023,Premium,1415,18,1,111.71,15,Organic,No,25257.75
11957,49,Male,Pune,7/18/2022,5/20/2023,Basic,412,18,0,82.38,15,Email,No,7354.2
11958,58,Female,Bangalore,3/29/2021,9/9/2022,Standard,558,23,3,97.31,15,Ads,No,12750.3
11959,53,Male,Chennai,11/9/2021,9/7/2021,Standard,406,35,1,,10,Ads,No,14169.4
11960,51,Female,Bangalore,5/1/2023,1/28/2022,Basic,874,6,7,73.83,0,Email,No,5244
11961,53,Male,Mumbai,3/7/2021,11/5/2021,Standard,1290,26,3,65.68,0,Referral,No,33540
11962,19,Female,Mumbai,10/24/2022,1/31/2023,Premium,726,21,0,38.69,10,Organic,No,15173.4
11963,32,Male,Bangalore,1/20/2021,12/6/2022,Standard,1158,24,3,,5,Ads,No,27734.1
11964,51,Female,Chennai,2/2/2021,3/13/2023,Premium,1217,15,3,71.7,0,Referral,Yes,18255
11965,53,Female,Bangalore,4/20/2023,8/4/2023,Basic,1443,27,3,86.25,20,Email,No,38672.4
11966,23,Other,Hyderabad,3/4/2023,1/13/2022,Basic,926,32,0,8.81,0,Ads,No,29632
11967,56,Female,Delhi,7/12/2022,7/28/2022,Premium,774,12,0,70.25,,Ads,No,9210.6
11968,59,Female,Pune,3/14/2021,8/11/2021,Premium,851,5,1,24.6,5,Organic,Yes,4212.45
11969,29,Male,Hyderabad,5/16/2023,1/29/2022,Premium,643,7,2,21.14,0,Referral,Yes,4501
11970,20,Male,Delhi,4/5/2023,11/12/2022,Standard,927,22,1,76.66,10,Organic,No,20301.3
11971,62,Male,Pune,12/9/2021,1/10/2023,Premium,435,27,7,40.75,20,Email,No,11658
11972,35,Female,Pune,5/13/2021,7/15/2021,Premium,576,15,1,55.7,15,Ads,No,8553.6
11973,57,Female,Pune,2/24/2021,9/15/2022,Premium,330,35,0,46.4,20,Referral,No,11484
11974,38,Male,Mumbai,3/2/2021,6/6/2022,Standard,546,26,2,79.56,20,Organic,No,14086.8
11975,32,Female,Pune,5/7/2023,10/3/2023,Basic,710,23,3,59.06,5,Referral,No,16294.5
11976,50,Female,Chennai,6/4/2022,3/14/2023,Premium,326,13,3,115.8,0,Email,Yes,4238
11977,52,Female,Bangalore,9/29/2021,4/20/2023,Basic,372,26,2,45.52,15,Ads,No,9616.2
11978,43,Male,Chennai,9/3/2021,6/4/2023,Standard,1420,3,2,90.13,10,Referral,No,4118
11979,25,Male,Bangalore,6/25/2021,8/31/2021,Basic,972,29,1,34.59,15,Email,No,28042.2
11980,53,Female,Hyderabad,9/20/2022,6/22/2021,Standard,775,2,1,63.51,0,Email,No,1550
11981,47,Female,Hyderabad,11/13/2021,11/19/2021,Standard,586,28,2,68.55,5,Ads,No,16378.7
11982,40,Male,Bangalore,2/22/2023,1/25/2023,Basic,511,23,1,42.85,0,Organic,No,11753
11983,59,Female,Chennai,12/6/2022,12/9/2021,Premium,1399,6,1,59.25,10,Ads,Yes,8254.1
11984,61,Female,Bangalore,10/24/2022,8/16/2021,Basic,700,11,3,37.12,15,Ads,No,7595
11985,31,Female,Pune,5/11/2021,3/8/2022,Standard,954,34,2,5.69,20,Referral,Yes,32245.2
11986,31,Female,Mumbai,4/12/2021,5/30/2022,Basic,1357,17,2,29.8,0,Referral,No,23069
11987,19,Male,Hyderabad,11/6/2021,11/26/2021,Basic,797,3,1,85.51,5,Organic,No,2351.15
11988,54,Male,Mumbai,2/21/2023,1/24/2022,Basic,1147,34,2,93.66,5,Email,No,38940.65
11989,22,Female,Pune,10/19/2021,10/13/2021,Standard,397,22,3,37.22,15,Referral,No,8674.45
11990,55,Male,Pune,12/23/2022,10/25/2023,Basic,665,29,1,51.92,20,Organic,No,19152
11991,62,Male,Hyderabad,5/10/2022,3/7/2022,Premium,762,29,3,9.3,,Ads,No,22021.8
11992,58,Male,Hyderabad,12/27/2021,6/19/2021,Basic,327,5,3,32.26,20,Email,Yes,1569.6
11993,64,Male,Pune,12/4/2021,1/16/2023,Basic,1012,10,2,94.61,15,Ads,No,9968.2
11994,31,Male,Delhi,8/2/2022,6/10/2023,Basic,572,10,3,74.69,,Email,No,5605.6
11995,56,Male,Mumbai,1/10/2021,6/6/2022,Basic,1125,9,6,28.66,15,Referral,No,9956.25
11996,42,Male,Mumbai,2/18/2021,7/17/2023,Standard,1450,21,3,34.61,20,Ads,No,30160
11997,37,Male,Delhi,5/2/2022,9/20/2021,Premium,501,13,1,98.93,,Ads,No,6513
11998,19,Female,Chennai,9/15/2022,7/3/2023,Standard,749,10,2,29.04,5,Email,No,7452.55
11999,56,Female,Mumbai,11/17/2021,4/7/2023,Basic,1411,11,2,43.43,15,Organic,No,15309.35
12000,23,Female,Bangalore,1/1/2023,10/18/2023,Basic,318,4,2,81.4,,Email,Yes,1224.3
12001,34,Male,Pune,7/23/2022,4/11/2023,Standard,1430,31,3,69.53,5,Referral,No,44258.5
12002,42,Male,Pune,3/6/2023,1/7/2022,Premium,610,34,2,58,10,Organic,Yes,20679
12003,45,Female,Delhi,9/17/2022,3/31/2022,Basic,711,35,5,108.47,15,Ads,No,24778.35
12004,19,Female,Mumbai,5/13/2021,5/4/2023,Standard,1041,33,2,30.27,0,Ads,Yes,34353
12005,52,Female,Chennai,8/6/2022,4/21/2022,Basic,923,8,0,90.26,20,Ads,No,7199.4
12006,54,Male,Mumbai,3/24/2021,8/11/2022,Basic,1031,32,0,23.29,0,Referral,No,32992
12007,22,Female,Pune,2/26/2021,8/12/2022,Standard,934,33,1,75.81,,Ads,No,30681.9
12008,18,Male,Hyderabad,1/11/2022,11/17/2021,Basic,797,8,3,105.12,10,Ads,No,6296.3
12009,57,Male,Bangalore,12/15/2021,6/10/2022,Standard,543,14,1,57.66,15,Organic,No,7520.55
12010,29,Female,Delhi,9/28/2021,12/9/2022,Basic,989,34,1,88.29,10,Referral,No,33527.1
12011,53,Female,Hyderabad,4/28/2022,6/16/2022,Standard,876,8,2,99.35,5,Ads,Yes,6964.2
12012,62,Male,Chennai,4/21/2021,6/14/2021,Basic,814,7,1,20.64,20,Organic,No,5535.2
12013,40,Male,Hyderabad,5/19/2023,6/13/2023,Premium,506,13,2,86.17,0,Ads,No,6578
12014,,Female,Hyderabad,6/6/2023,3/31/2023,Basic,1247,21,3,110.78,10,Organic,Yes,26062.3
12015,48,Male,Chennai,3/17/2021,10/13/2022,Premium,693,32,5,71.28,0,Ads,No,22176
12016,28,Male,Hyderabad,6/7/2021,3/8/2023,Premium,1344,11,3,26.4,5,Referral,No,14716.8
12017,27,Male,Delhi,6/16/2022,6/26/2022,Premium,1017,14,1,19.6,15,Email,Yes,14085.45
12018,20,Female,,10/5/2022,12/1/2022,Standard,501,11,3,34.87,,Referral,No,5460.9
12019,31,Male,Mumbai,11/25/2021,12/17/2022,Standard,419,2,0,16.9,20,Organic,No,754.2
12020,33,Other,Hyderabad,5/2/2021,11/12/2022,Basic,688,34,5,64.04,10,Ads,No,23323.2
12021,27,Female,Delhi,2/10/2021,10/5/2022,Basic,533,17,3,13.02,,Referral,No,8981.05
12022,46,Other,Mumbai,6/16/2021,12/2/2022,Basic,901,14,1,30.69,15,Ads,Yes,12478.85
12023,27,Female,Mumbai,10/4/2022,4/30/2023,Basic,1011,25,3,,20,Referral,No,25072.8
12024,29,Male,Hyderabad,1/23/2021,6/20/2022,Premium,1281,27,0,59.5,20,Organic,No,34330.8
12025,47,Male,Delhi,10/6/2021,12/13/2021,Basic,1156,8,4,70.02,5,Email,No,9190.2
12026,58,Male,Pune,2/2/2023,6/25/2023,Standard,375,17,2,86.15,0,Referral,Yes,6375
12027,18,Male,Hyderabad,4/14/2022,3/27/2022,Standard,948,5,0,10.43,10,Ads,No,4645.2
12028,22,Female,Chennai,2/4/2022,8/24/2023,Standard,949,12,0,14.27,5,Ads,No,11340.55
12029,37,Male,Mumbai,1/9/2021,11/29/2022,Standard,795,18,1,12,0,Ads,No,14310
12030,25,Male,Hyderabad,1/13/2021,5/28/2023,Basic,1129,26,1,53.66,5,Organic,No,29297.55
12031,60,Male,Mumbai,3/30/2023,6/1/2023,Standard,782,31,1,9.81,20,Organic,No,24085.6
12032,29,Female,Delhi,4/12/2023,9/6/2023,Basic,1383,6,0,90.8,20,Email,Yes,8021.4
12033,18,Male,Bangalore,2/21/2021,1/23/2023,Premium,1290,15,2,30.65,15,Ads,No,19156.5
12034,37,Male,Hyderabad,7/28/2021,4/4/2022,Standard,918,26,3,113.01,10,Email,No,23776.2
12035,45,Male,Pune,7/4/2022,2/7/2022,Premium,849,12,2,60.94,10,Ads,No,10103.1
12036,60,Female,Hyderabad,9/4/2022,6/8/2021,Basic,945,14,1,56.33,10,Referral,No,13135.5
12037,54,Female,Mumbai,12/6/2022,7/8/2023,Basic,801,1,3,94.76,5,Referral,No,760.95
12038,64,Male,Delhi,2/6/2022,10/23/2023,Basic,1456,17,1,87.01,5,Referral,No,24679.2
12039,54,Male,Chennai,7/10/2021,12/25/2021,Basic,1145,33,5,74.84,10,Ads,No,37670.5
12040,29,Male,Pune,2/20/2021,10/9/2021,Basic,352,29,2,112.54,15,Referral,No,10155.2
12041,,Male,Delhi,1/28/2022,6/6/2023,Standard,749,31,2,53.56,0,Ads,Yes,23219
12042,61,Female,Hyderabad,10/15/2022,5/10/2023,Basic,361,8,4,97.98,5,Email,No,2869.95
12043,45,Female,Chennai,11/11/2022,3/16/2023,Standard,1346,30,1,48.71,10,Organic,No,40245.4
12044,64,Male,Delhi,4/3/2023,7/4/2023,Premium,343,13,0,101.41,20,Referral,No,4390.4
12045,32,Female,Bangalore,9/13/2022,1/29/2023,Standard,1119,16,3,34.84,5,Ads,No,17848.05
12046,23,Male,Pune,12/20/2022,6/26/2021,Basic,958,2,1,38.27,0,Ads,No,1916
12047,61,Female,Mumbai,10/27/2021,2/13/2023,Basic,1027,18,1,82.95,5,Email,No,18434.65
12048,37,Female,Delhi,9/14/2022,8/28/2022,Standard,1151,35,4,29.46,0,Email,No,40285
12049,31,Male,Delhi,7/15/2021,2/25/2023,Basic,346,19,2,31.35,0,Organic,No,6574
12050,19,Female,Bangalore,2/21/2022,12/3/2021,Standard,1119,13,1,40.11,5,Email,Yes,14491.05
12051,26,Male,Hyderabad,10/26/2022,9/27/2022,Basic,1347,4,3,83.08,0,Organic,No,5388
12052,54,Male,Pune,2/24/2022,4/11/2023,Premium,388,19,1,107.28,5,Organic,No,7352.6
12053,,Male,Pune,1/25/2023,7/21/2021,Standard,1497,25,3,82.58,5,Email,Yes,37350.15
12054,43,Male,Mumbai,10/2/2022,11/8/2023,Standard,1442,31,4,100.2,15,Organic,No,44485.7
12055,46,Female,Delhi,9/9/2022,6/5/2021,Basic,1034,4,4,67.51,20,Referral,No,3929.2
12056,18,Female,Chennai,6/6/2022,1/10/2023,Basic,477,7,1,12.93,0,Organic,No,3339
12057,52,Female,Delhi,12/22/2021,11/7/2021,Standard,1318,16,4,16.55,5,Ads,No,21022.1
12058,23,Female,Mumbai,5/28/2021,12/25/2021,Standard,1382,5,0,68.76,0,Ads,Yes,6910
12059,54,Female,,12/31/2021,2/12/2022,Basic,1200,23,0,42.7,,Ads,No,27540
12060,22,Male,Bangalore,12/30/2021,12/22/2021,Basic,737,32,0,30.37,5,Email,Yes,23547.15
12061,50,Female,Delhi,10/14/2022,7/7/2023,Basic,725,24,1,58.62,5,Ads,No,17363.75
12062,31,Male,Delhi,12/3/2022,6/11/2021,Standard,1267,25,4,81.65,20,Email,No,31421.6
12063,29,Female,Chennai,2/6/2022,6/8/2021,Basic,785,28,1,49.27,0,Ads,No,21980
12064,59,Female,Bangalore,8/29/2022,7/14/2022,Standard,759,19,2,97.29,20,Organic,No,14269.2
12065,37,Male,Bangalore,5/7/2022,7/2/2021,Standard,1220,7,1,89.93,20,Email,No,8296
12066,41,Female,Delhi,8/17/2021,11/22/2022,Standard,1425,17,5,89.52,20,Ads,No,23940
12067,60,Female,Pune,7/29/2022,5/19/2023,Premium,1338,2,1,118.3,20,Organic,Yes,2408.4
12068,51,Female,Chennai,5/2/2023,6/22/2022,Premium,1047,16,1,38.95,15,Email,Yes,16594.95
12069,42,Male,Delhi,6/21/2022,1/14/2022,Standard,350,18,2,79.14,0,Organic,No,6300
12070,,Male,Delhi,9/25/2021,3/2/2023,Basic,608,1,2,103.38,0,Organic,No,608
12071,56,Male,Mumbai,2/9/2022,7/7/2023,Basic,1357,3,2,,5,Organic,Yes,4003.15
12072,48,Male,Mumbai,3/4/2023,9/18/2022,Standard,1304,21,2,95.79,0,Email,No,27384
12073,64,Male,Pune,1/11/2021,5/25/2023,Standard,934,30,1,52.66,20,Email,No,27833.2
12074,60,Female,Chennai,11/16/2021,6/21/2023,Standard,504,11,2,72.91,10,Referral,No,5493.6
12075,40,Male,Hyderabad,12/14/2022,12/24/2021,Basic,1039,22,4,11.4,0,Referral,No,22858
12076,61,Female,Mumbai,5/6/2021,4/14/2022,Standard,1393,25,4,118.36,10,Referral,Yes,34685.7
12077,55,Female,Hyderabad,11/2/2021,8/4/2023,Basic,832,3,4,97,15,Referral,No,2371.2
12078,37,Female,Bangalore,12/3/2022,6/27/2023,Standard,407,30,4,104.91,5,Email,No,12189.65
12079,40,Male,Mumbai,5/26/2022,12/9/2022,Basic,1175,24,1,84.84,5,Referral,No,28141.25
12080,62,Female,Mumbai,3/30/2021,2/7/2023,Standard,550,23,6,26.4,5,Ads,No,12622.5
12081,33,Female,Chennai,12/21/2021,5/14/2022,Basic,434,8,4,8.57,15,Referral,Yes,3406.9
12082,59,Male,Pune,9/20/2022,8/2/2023,Basic,1413,4,2,104.44,20,Ads,No,5369.4
12083,25,Male,Hyderabad,12/18/2021,1/20/2022,Standard,988,31,1,50.58,10,Ads,Yes,30529.2
12084,38,Female,Mumbai,11/20/2022,5/2/2023,Basic,706,29,1,35.34,0,Organic,No,20474
12085,18,Male,Mumbai,1/14/2021,7/14/2021,Standard,401,13,2,69.59,20,Organic,No,5132.8
12086,25,Male,Chennai,9/14/2021,6/7/2023,Standard,992,9,4,53.4,5,Organic,No,8878.4
12087,46,Male,Chennai,7/28/2021,10/20/2021,Standard,1469,21,2,79.94,5,Referral,No,30775.55
12088,49,Male,Pune,10/8/2021,3/10/2023,Basic,703,3,1,60.64,20,Email,No,1968.4
12089,55,Female,Hyderabad,3/19/2022,11/23/2021,Standard,1113,25,4,85.18,10,Ads,No,27713.7
12090,22,Male,Bangalore,4/20/2023,3/16/2023,Standard,1325,25,1,103.14,20,Email,No,32860
12091,64,Female,Pune,4/17/2023,8/23/2022,Standard,1442,12,3,27.49,15,Email,No,17087.7
12092,39,Female,Bangalore,1/24/2022,1/13/2023,Standard,1154,29,6,42.88,5,Referral,No,33408.3
12093,64,Female,Delhi,9/9/2022,8/21/2021,Basic,1326,11,0,55.23,10,Email,No,14453.4
12094,51,Female,Mumbai,4/28/2022,10/13/2021,Basic,1241,11,3,115.64,0,Email,No,13651
12095,18,Female,Hyderabad,5/27/2021,5/20/2023,Basic,1320,26,3,47.01,5,Organic,No,34254
12096,43,Male,Pune,10/6/2021,10/4/2023,Basic,476,14,2,48.83,20,Organic,No,6568.8
12097,60,Female,Mumbai,6/5/2022,11/24/2021,Basic,1172,16,0,80.15,10,Ads,Yes,18634.8
12098,27,Female,Hyderabad,9/22/2022,6/18/2022,Standard,776,10,4,53.21,5,Ads,No,7721.2
12099,47,Female,Hyderabad,8/29/2022,1/29/2022,Standard,697,31,6,114.39,0,Organic,Yes,21607
12100,35,Female,Hyderabad,3/10/2022,12/19/2022,Basic,519,31,3,107.86,0,Referral,No,16089
12101,34,Male,Mumbai,5/24/2021,10/19/2021,Premium,472,10,3,,20,Referral,No,4625.6
12102,43,Male,Pune,10/16/2021,8/31/2022,Standard,1035,26,1,79.15,15,Ads,No,26754.75
12103,25,Female,Chennai,1/21/2022,8/14/2022,Premium,801,20,1,11.67,20,Organic,No,15859.8
12104,64,Male,Mumbai,1/14/2021,7/26/2021,Standard,1060,9,2,85.01,10,Referral,No,9434
12105,57,Female,Hyderabad,9/14/2021,11/9/2022,Standard,430,15,2,86.33,20,Email,No,6364
12106,29,Male,Pune,12/12/2021,4/28/2023,Basic,1436,9,2,46.31,10,Ads,No,12780.4
12107,44,Male,Delhi,11/29/2022,9/4/2023,Basic,1097,7,2,30.26,15,Ads,Yes,7514.45
12108,25,Male,Bangalore,12/11/2021,7/24/2022,Basic,1098,26,2,110.23,20,Email,No,28328.4
12109,,Male,Hyderabad,2/4/2022,8/27/2021,Standard,1229,24,4,54.07,0,Email,No,29496
12110,63,Female,Delhi,7/26/2021,1/30/2023,Basic,1022,12,2,80.18,10,Ads,No,12161.8
12111,21,Male,Chennai,5/8/2023,3/18/2023,Standard,1343,20,0,8.83,10,Email,No,26725.7
12112,50,Other,Hyderabad,6/21/2021,6/8/2021,Basic,514,14,2,52.62,0,Referral,No,7196
12113,18,Female,Delhi,4/9/2022,9/20/2022,Premium,787,22,2,98.98,20,Ads,No,17156.6
12114,36,Male,Hyderabad,9/27/2021,1/1/2022,Basic,612,16,3,49.57,15,Referral,Yes,9700.2
12115,48,Female,Mumbai,8/9/2021,4/16/2023,Basic,378,29,2,74.36,5,Ads,No,10943.1
12116,33,Female,Pune,6/1/2021,6/5/2023,Basic,479,32,3,29.13,20,Referral,No,15232.2
12117,31,Female,Delhi,9/15/2022,12/4/2022,Basic,1303,19,2,52.9,20,Organic,Yes,24496.4
12118,22,Male,Pune,7/2/2021,10/10/2022,Basic,974,35,4,111.68,10,Referral,Yes,33992.6
12119,58,Female,Mumbai,2/3/2022,4/25/2023,Standard,313,32,1,70.14,10,Email,No,9984.7
12120,43,Female,Mumbai,5/1/2023,10/16/2022,Basic,1158,20,1,108.72,15,Organic,No,22986.3
12121,45,Male,Pune,3/13/2021,7/22/2023,Basic,545,20,1,108.73,15,Ads,No,10818.25
12122,19,Male,Delhi,2/22/2022,4/30/2023,Premium,1337,8,1,113.58,15,Referral,Yes,10495.45
12123,23,Female,Pune,6/17/2023,1/31/2022,Basic,398,35,2,107.97,0,Ads,No,13930
12124,26,Male,Pune,10/10/2021,9/21/2022,Premium,332,13,3,5.38,5,Organic,No,4299.4
12125,50,Female,Bangalore,3/15/2021,4/5/2022,Premium,556,6,7,112.41,5,Email,No,3308.2
12126,58,Male,Delhi,12/21/2021,1/17/2022,Basic,333,16,3,20.81,15,Email,No,5278.05
12127,42,Female,Bangalore,12/28/2022,6/18/2022,Basic,318,5,2,9.59,10,Email,No,1558.2
12128,30,Female,Hyderabad,5/12/2022,11/2/2021,Basic,888,34,2,11.37,5,Ads,No,30147.6
12129,26,Male,Pune,11/24/2021,11/22/2021,Standard,436,6,2,45.13,20,Email,No,2528.8
12130,30,Male,Hyderabad,6/19/2022,9/26/2023,Standard,658,33,1,76.39,0,Email,No,21714
12131,48,Female,Delhi,8/3/2022,9/23/2021,Standard,1053,15,1,51.27,10,Ads,No,15689.7
12132,58,Female,Pune,3/23/2022,6/25/2022,Standard,1439,15,3,7.94,0,Ads,No,21585
12133,28,Female,Hyderabad,1/8/2022,4/7/2022,Basic,703,14,3,59.8,20,Organic,No,9701.4
12134,21,Male,Chennai,12/28/2021,3/27/2022,Premium,549,5,3,55.85,5,Email,Yes,2717.55
12135,51,Male,Mumbai,4/3/2021,6/18/2021,Standard,745,26,2,92.04,0,Organic,No,19370
12136,55,Male,Pune,11/17/2021,7/24/2023,Standard,1253,17,4,37.16,0,Referral,No,21301
12137,63,Female,Mumbai,11/20/2021,6/12/2021,Premium,577,16,2,30.02,0,Referral,No,9232
12138,21,Male,Bangalore,1/19/2022,7/9/2022,Standard,411,35,2,34.43,20,Referral,No,14302.8
12139,55,Male,Hyderabad,7/29/2022,8/22/2023,Basic,1045,23,2,39.93,10,Referral,Yes,23930.5
12140,36,Female,Bangalore,1/6/2023,5/5/2023,Basic,987,13,1,73.9,10,Ads,No,12732.3
12141,23,Female,Pune,1/7/2023,1/18/2022,Standard,691,33,2,59.23,20,Organic,No,22664.8
12142,51,Male,Mumbai,5/31/2023,1/26/2023,Basic,1268,29,0,43.74,0,Organic,Yes,36772
12143,35,Male,Mumbai,12/12/2021,5/31/2023,Premium,442,34,3,48.05,0,Ads,No,15028
12144,30,Female,Hyderabad,4/29/2023,3/5/2022,Basic,1355,34,3,47.66,15,Referral,Yes,45866.75
12145,58,Female,Pune,4/13/2021,5/19/2022,Standard,480,27,3,116.83,5,Organic,No,12936
12146,40,Male,Chennai,8/3/2021,3/30/2022,Standard,878,15,3,31.79,5,Email,Yes,13126.1
12147,36,Female,Chennai,7/11/2021,11/23/2022,Basic,1097,9,1,99.08,10,Ads,No,9763.3
12148,62,Female,Hyderabad,11/3/2022,9/13/2022,Premium,568,26,1,86.44,20,Ads,No,14654.4
12149,28,Male,Pune,6/3/2023,8/22/2023,Premium,852,3,2,5.64,0,Email,No,2556
12150,18,Male,Hyderabad,12/20/2022,8/16/2021,Standard,932,5,2,119.22,5,Referral,Yes,4613.4
12151,41,Female,Pune,2/20/2023,11/3/2022,Basic,574,20,0,91.99,20,Referral,No,11365.2
12152,24,Female,Bangalore,7/13/2021,6/24/2021,Basic,1042,20,0,,20,Organic,No,20631.6
12153,42,Male,Hyderabad,1/15/2022,6/15/2021,Basic,385,5,0,51.61,0,Email,No,1925
12154,38,Female,Pune,2/7/2022,4/7/2023,Basic,1386,10,2,68.85,20,Organic,No,13582.8
12155,32,Female,,10/26/2022,11/7/2022,Standard,703,16,1,34.13,5,Referral,Yes,11212.85
12156,18,Male,Pune,1/19/2023,5/13/2022,Premium,491,25,3,9.08,15,Organic,No,12201.35
12157,29,Female,Pune,8/23/2022,11/19/2021,Standard,1354,25,1,101.14,5,Email,No,33782.3
12158,24,Female,Hyderabad,1/11/2021,10/17/2023,Premium,406,30,2,108.1,15,Email,Yes,12119.1
12159,32,Male,Bangalore,7/6/2021,4/23/2022,Standard,921,14,3,23.68,20,Email,No,12709.8
12160,38,Male,Bangalore,12/27/2022,5/13/2023,Standard,575,22,1,95.51,5,Referral,No,12621.25
12161,36,Male,Bangalore,1/15/2021,9/28/2022,Premium,950,28,4,90.23,,Ads,Yes,26600
12162,46,Female,Bangalore,2/17/2023,10/2/2022,Standard,855,30,1,25.51,20,Ads,Yes,25479
12163,42,Other,Delhi,10/24/2021,9/5/2022,Premium,1405,19,2,53.51,0,Ads,No,26695
12164,50,Male,Hyderabad,2/15/2022,6/13/2022,Basic,1387,20,1,53.62,15,Organic,No,27531.95
12165,49,Female,Mumbai,8/8/2022,1/9/2023,Basic,866,35,4,92.4,10,Email,No,30223.4
12166,52,Female,Hyderabad,2/21/2021,11/11/2021,Premium,885,22,4,101.33,10,Referral,No,19381.5
12167,61,Female,Delhi,10/2/2022,6/7/2022,Standard,1184,15,0,15.9,15,Ads,No,17582.4
12168,55,Male,Bangalore,1/28/2021,12/25/2022,Premium,428,11,3,69.74,10,Ads,No,4665.2
12169,43,Male,Delhi,7/31/2022,7/29/2022,Premium,555,34,1,92.6,20,Organic,No,18759
12170,28,Male,Chennai,1/17/2021,6/27/2023,Basic,1233,24,2,95.41,20,Organic,No,29345.4
12171,52,Female,Chennai,12/17/2021,9/20/2022,Standard,530,6,0,22.02,5,Ads,No,3153.5
12172,25,Male,Hyderabad,3/4/2022,6/17/2022,Basic,1460,17,2,65.43,20,Email,No,24528
12173,63,Female,Hyderabad,10/12/2022,11/2/2021,Standard,1162,28,3,103.62,10,Email,No,32419.8
12174,31,Male,Mumbai,4/11/2023,2/12/2022,Standard,654,31,0,41.63,0,Organic,No,20274
12175,27,Male,Mumbai,8/17/2021,6/26/2023,Basic,445,9,4,53.89,5,Organic,Yes,3982.75
12176,,Female,Chennai,2/5/2023,4/5/2023,Standard,1356,10,0,97.5,0,Email,Yes,13560
12177,63,Female,Bangalore,7/29/2021,8/7/2021,Standard,559,21,6,15.27,10,Organic,No,11683.1
12178,26,Male,Delhi,3/7/2022,5/10/2022,Basic,386,34,4,103.84,0,Organic,No,13124
12179,20,Male,Mumbai,10/21/2021,3/4/2022,Premium,1142,31,7,40.78,,Email,No,35287.8
12180,38,Other,Pune,1/13/2023,4/4/2023,Standard,564,29,0,5.17,20,Email,No,16243.2
12181,43,Male,Mumbai,1/23/2023,6/26/2022,Premium,691,11,2,31.93,5,Referral,Yes,7566.45
12182,25,Male,Bangalore,8/5/2022,8/23/2022,Basic,531,33,0,15.29,15,Organic,Yes,17443.35
12183,19,Female,,4/14/2021,2/14/2022,Basic,1200,1,1,15.62,10,Organic,No,1080
12184,23,Male,Hyderabad,7/23/2021,4/3/2022,Standard,887,21,2,84.68,20,Referral,No,18449.6
12185,,Male,Delhi,2/22/2021,9/25/2023,Basic,746,23,2,29.61,0,Organic,No,17158
12186,46,Male,Bangalore,1/10/2022,9/3/2021,Premium,1452,9,2,112.5,20,Organic,No,12777.6
12187,43,Male,Mumbai,4/22/2023,9/7/2022,Basic,1412,1,1,64.39,0,Ads,No,1412
12188,42,Male,Mumbai,2/23/2021,2/1/2022,Standard,765,21,4,57.91,0,Ads,No,16065
12189,29,Male,Chennai,10/3/2021,6/3/2023,Standard,1233,22,2,54.94,,Ads,Yes,27126
12190,22,Male,Bangalore,12/1/2021,2/25/2023,Basic,1493,4,3,84.65,0,Referral,Yes,5972
12191,51,Male,Pune,1/31/2021,12/4/2021,Basic,427,1,2,,5,Organic,No,405.65
12192,54,Female,Hyderabad,5/15/2021,7/14/2023,Standard,1497,10,3,19.79,0,Referral,No,14970
12193,32,Male,Delhi,2/27/2021,7/25/2023,Standard,1349,15,1,106.22,5,Referral,No,20167.55
12194,61,Male,Pune,4/15/2021,6/8/2022,Basic,872,29,2,54.27,15,Organic,Yes,25157.2
12195,53,Female,Hyderabad,9/23/2021,12/24/2022,Premium,810,5,5,13.51,5,Email,No,4009.5
12196,32,Female,Mumbai,6/6/2022,7/11/2022,Basic,787,29,3,65.88,0,Email,Yes,22823
12197,60,Male,Pune,5/11/2022,7/13/2022,Basic,1190,27,2,79.44,15,Organic,Yes,31951.5
12198,40,Female,Hyderabad,9/10/2021,10/3/2021,Standard,878,25,0,36.69,20,Email,No,21774.4
12199,23,Male,Mumbai,10/22/2021,5/3/2022,Basic,1249,16,1,97.04,5,Ads,No,19921.55
12200,63,Male,Mumbai,10/30/2022,5/7/2022,Premium,705,16,2,82.02,20,Organic,No,11139
12201,61,Female,Mumbai,6/7/2021,12/15/2022,Basic,1349,25,4,79.79,15,Referral,Yes,33522.65
12202,60,Female,,7/3/2022,11/25/2021,Basic,1406,1,1,53.39,5,Ads,No,1335.7
12203,62,Male,Mumbai,9/23/2022,3/13/2023,Basic,663,5,5,115.62,0,Referral,No,3315
12204,38,Male,Chennai,3/8/2021,9/17/2023,Standard,1383,20,3,36.53,5,Email,No,27590.85
12205,40,Female,Pune,1/24/2023,11/17/2021,Standard,850,5,2,71.44,0,Organic,No,4250
12206,60,Male,Hyderabad,10/26/2021,7/9/2021,Standard,591,29,5,40.54,10,Ads,No,17079.9
12207,33,Female,Chennai,4/8/2022,8/8/2021,Basic,1088,34,3,90.65,5,Organic,Yes,36937.6
12208,64,Male,Chennai,12/26/2022,1/22/2022,Basic,1115,18,1,10.5,5,Ads,Yes,20014.25
12209,32,Female,Bangalore,3/31/2023,12/12/2022,Premium,490,2,2,10.28,,Ads,No,882
12210,42,Female,Bangalore,4/11/2021,6/16/2022,Basic,760,16,3,98.25,20,Ads,No,12008
12211,53,Female,Bangalore,2/25/2021,7/27/2021,Premium,963,29,0,54.94,15,Organic,No,27782.55
12212,28,Female,Delhi,11/28/2021,3/4/2022,Basic,532,33,2,44.24,0,Ads,No,17556
12213,32,Female,Bangalore,4/16/2023,9/28/2023,Premium,773,16,3,74.87,20,Ads,Yes,12213.4
12214,21,Male,Hyderabad,1/21/2023,9/7/2021,Basic,957,35,2,85.72,15,Organic,No,33351.45
12215,38,Male,Chennai,1/28/2022,11/9/2022,Standard,570,17,0,,0,Referral,No,9690
12216,30,Male,Hyderabad,1/13/2023,4/21/2022,Basic,1457,4,1,26.32,0,Email,Yes,5828
12217,39,Female,Pune,5/24/2023,9/4/2022,Basic,470,4,1,115.19,0,Organic,No,1880
12218,36,Female,Bangalore,1/16/2022,11/26/2021,Basic,327,25,2,72.81,,Organic,Yes,8142.3
12219,51,Male,Delhi,4/2/2021,9/22/2023,Basic,435,33,2,49.86,0,Ads,No,14355
12220,,Male,Pune,3/2/2023,12/26/2022,Basic,1224,14,3,97.17,15,Organic,No,16952.4
12221,21,Male,Delhi,3/23/2022,9/27/2021,Standard,704,24,4,65.39,0,Organic,Yes,16896
12222,63,Female,Pune,4/19/2021,9/12/2022,Standard,1276,11,2,32.79,0,Email,No,14036
12223,44,Male,Chennai,11/13/2021,12/1/2022,Standard,1187,25,0,28.77,15,Organic,No,29496.95
12224,46,Female,Hyderabad,6/17/2021,3/8/2023,Standard,1155,28,0,50.64,,Ads,No,32282.25
12225,64,Other,Mumbai,3/23/2023,8/29/2022,Standard,743,7,3,103.89,0,Email,No,5201
12226,45,Male,Hyderabad,3/11/2022,6/26/2021,Basic,733,10,2,12.07,15,Organic,No,7220.05
12227,52,Male,Bangalore,3/18/2022,10/3/2022,Standard,808,31,1,30.13,20,Ads,Yes,24886.4
12228,,Male,Mumbai,8/6/2021,6/8/2021,Basic,333,19,5,107.71,15,Email,No,6277.05
12229,33,Male,Delhi,8/10/2021,10/29/2022,Premium,1325,18,1,19,10,Organic,No,23717.5
12230,59,Male,,11/4/2022,11/15/2022,Basic,661,6,3,,20,Ads,No,3833.8
12231,53,Male,Chennai,6/12/2022,10/27/2021,Basic,905,28,4,29.55,,Email,No,25294.75
12232,47,Female,,10/5/2021,10/1/2022,Standard,1015,7,4,74.67,5,Ads,Yes,7054.25
12233,35,Male,,7/23/2022,6/25/2021,Basic,549,12,6,49.06,15,Email,Yes,6505.65
12234,19,Female,Delhi,7/28/2022,3/17/2023,Premium,446,34,1,16.69,15,Organic,No,15097.1
12235,,Female,Pune,5/25/2023,6/27/2023,Premium,647,25,4,71.98,0,Referral,No,16175
12236,21,Female,Bangalore,4/11/2022,12/7/2022,Basic,698,17,4,83.55,0,Email,No,11866
12237,43,Male,Mumbai,4/19/2023,7/30/2022,Basic,1499,33,1,83.23,10,Organic,No,49317.1
12238,42,Female,Delhi,1/24/2023,3/20/2022,Standard,424,23,1,78.26,0,Email,No,9752
12239,47,Male,Bangalore,8/25/2022,12/2/2021,Standard,1062,9,3,62.53,15,Referral,No,9398.7
12240,28,Female,Mumbai,8/7/2022,12/6/2022,Basic,697,6,7,64.74,15,Ads,No,4077.45
12241,,Female,Delhi,4/18/2023,8/5/2022,Standard,430,2,7,78.1,0,Referral,Yes,860
12242,48,Female,,1/30/2021,1/25/2023,Standard,904,9,1,84.38,10,Referral,Yes,8045.6
12243,61,Male,Delhi,12/25/2021,4/13/2022,Basic,1191,3,2,80.31,15,Ads,No,3394.35
12244,27,Female,Hyderabad,10/15/2021,7/3/2022,Basic,1121,16,3,72.5,10,Referral,Yes,17823.9
12245,56,Male,Delhi,3/27/2021,4/20/2022,Standard,1201,25,2,22.92,15,Organic,No,29844.85
12246,30,Male,Hyderabad,8/22/2021,12/17/2022,Basic,1244,24,4,29.22,10,Email,Yes,29731.6
12247,48,Male,Mumbai,1/17/2023,1/17/2023,Premium,1031,29,3,34.93,10,Referral,Yes,29795.9
12248,24,Male,Delhi,11/9/2021,11/28/2022,Basic,633,26,0,110.76,10,Email,Yes,16394.7
12249,59,Male,Mumbai,12/31/2021,8/15/2021,Standard,1343,35,1,92.33,0,Email,No,47005
12250,59,Female,Mumbai,2/16/2023,10/13/2023,Premium,504,23,1,68.58,5,Ads,No,11566.8
12251,53,Female,Bangalore,3/10/2023,5/10/2023,Premium,1255,4,4,33.99,10,Referral,No,4894.5
12252,37,Male,Mumbai,4/19/2023,9/29/2022,Basic,654,14,5,17.75,10,Ads,No,9090.6
12253,21,Male,Mumbai,9/26/2021,8/7/2023,Basic,1496,7,2,108.36,15,Ads,No,10247.6
12254,24,Male,Delhi,11/29/2022,8/27/2021,Standard,1123,8,2,107.66,5,Email,Yes,8927.85
12255,18,Male,Delhi,5/11/2021,6/17/2023,Basic,1325,19,6,17.73,15,Organic,No,24976.25
12256,61,Male,Chennai,3/14/2023,1/18/2022,Basic,1240,2,2,96.68,15,Email,No,2294
12257,62,Female,Bangalore,2/28/2023,6/7/2021,Premium,467,1,3,56.36,10,Ads,Yes,420.3
12258,59,Male,Mumbai,4/12/2023,8/13/2023,Basic,667,13,2,42.26,20,Referral,Yes,8537.6
12259,64,Male,Bangalore,12/17/2021,12/2/2022,Basic,835,24,5,90,5,Organic,No,19998.25
12260,30,Male,Hyderabad,6/29/2021,7/22/2021,Basic,1262,32,0,75.65,15,Organic,No,40194.7
12261,39,Female,Mumbai,3/13/2023,3/17/2023,Standard,879,30,0,94.7,20,Referral,No,26194.2
12262,38,Female,Bangalore,4/25/2022,7/1/2022,Standard,1249,6,0,13.55,20,Referral,No,7244.2
12263,39,Female,Chennai,6/8/2023,1/7/2022,Basic,506,33,1,41.64,15,Organic,Yes,16622.1
12264,45,Female,Chennai,6/12/2021,8/2/2022,Basic,1372,23,3,41.72,10,Ads,No,31418.8
12265,26,Male,Mumbai,2/22/2023,6/22/2023,Basic,843,10,1,42.92,0,Organic,Yes,8430
12266,43,Male,Hyderabad,6/7/2023,10/21/2021,Standard,428,15,3,62.79,15,Organic,Yes,6355.8
12267,26,Female,Chennai,4/6/2021,10/9/2023,Basic,913,23,1,37.55,,Organic,No,20907.7
12268,32,Male,Chennai,2/13/2023,5/29/2022,Premium,334,1,3,56.1,5,Ads,Yes,317.3
12269,27,Female,Hyderabad,5/25/2022,6/17/2022,Basic,1118,8,1,47.29,10,Referral,No,8832.2
12270,41,Male,Bangalore,12/31/2021,12/13/2022,Premium,498,3,4,89.56,20,Referral,Yes,1394.4
12271,59,Male,Chennai,12/19/2021,3/4/2022,Basic,376,14,1,74.4,5,Referral,Yes,5245.2
12272,25,Female,Delhi,3/11/2023,2/26/2022,Standard,668,17,6,80.17,5,Ads,Yes,11322.6
12273,41,Female,Pune,3/12/2022,6/14/2021,Basic,1132,34,6,29.22,0,Ads,No,38488
12274,33,Female,Pune,3/24/2021,3/25/2022,Basic,825,6,3,42.43,0,Referral,No,4950
12275,,Male,Chennai,8/13/2021,9/7/2022,Premium,648,5,1,7.43,15,Email,No,3142.8
12276,44,Female,Bangalore,2/16/2022,11/9/2022,Premium,805,29,1,17.46,10,Email,No,23264.5
12277,54,Male,Bangalore,1/5/2023,1/20/2022,Basic,942,35,2,35.48,15,Referral,No,32828.7
12278,21,Male,Mumbai,4/28/2021,12/27/2022,Standard,537,18,2,12.53,0,Email,Yes,9666
12279,41,Male,Delhi,4/27/2022,5/9/2023,Standard,437,30,0,74.3,,Email,No,13022.6
12280,36,Male,Bangalore,7/11/2021,6/27/2021,Premium,1465,15,2,119.78,0,Referral,No,21975
12281,53,Male,Hyderabad,8/14/2022,9/14/2022,Basic,911,15,1,16.59,10,Referral,No,13573.9
12282,56,Male,Delhi,8/13/2022,9/1/2021,Standard,979,16,5,99.44,20,Ads,No,15468.2
12283,27,Male,Pune,10/21/2022,2/7/2023,Standard,1138,33,1,18.66,15,Email,No,37383.3
12284,,Male,Delhi,4/17/2021,4/5/2022,Basic,1237,10,1,82.04,15,Email,No,12184.45
12285,35,Male,Hyderabad,1/17/2022,7/22/2021,Premium,654,19,2,78.96,0,Referral,No,12426
12286,36,Male,Chennai,2/22/2023,4/15/2022,Basic,877,3,0,108.81,0,Organic,Yes,2631
12287,53,Male,Hyderabad,1/25/2022,11/28/2021,Basic,1146,4,1,18.1,15,Referral,No,4412.1
12288,27,Female,,9/1/2021,12/21/2022,Standard,858,11,3,41.28,15,Ads,No,9309.3
12289,50,Male,Chennai,8/8/2022,9/28/2021,Standard,1148,33,0,15.44,5,Organic,No,37826.6
12290,22,Male,Chennai,5/19/2023,8/29/2023,Basic,1469,28,4,51.85,10,Organic,No,40985.1
12291,64,Male,Chennai,4/13/2022,10/23/2023,Basic,1475,32,1,109.83,5,Organic,No,47126.25
12292,,Female,Chennai,5/16/2023,7/13/2021,Premium,439,16,0,94.88,5,Ads,No,7002.05
12293,61,Female,Chennai,6/22/2022,3/9/2023,Basic,962,9,4,88.13,15,Email,Yes,8513.7
12294,51,Female,Hyderabad,7/29/2021,11/2/2023,Standard,320,11,3,66.3,10,Referral,No,3488
12295,50,Female,Mumbai,8/27/2022,2/15/2022,Standard,363,6,1,106.6,15,Ads,No,2123.55
12296,38,Female,Mumbai,9/29/2022,12/14/2021,Basic,1395,27,3,,5,Ads,No,37595.25
12297,34,Female,,3/14/2021,3/7/2023,Premium,1289,12,2,22.21,5,Organic,No,15403.55
12298,39,Female,Mumbai,9/27/2022,2/10/2022,Standard,461,22,3,101.32,15,Organic,No,10072.85
12299,,Male,Pune,11/5/2021,6/2/2023,Standard,429,21,1,37.16,0,Ads,No,9009
12300,32,Male,,11/27/2022,5/2/2022,Standard,880,33,1,11.17,0,Email,Yes,29040
12301,52,Male,Hyderabad,11/30/2022,12/5/2022,Standard,524,17,2,19.49,15,Organic,No,8829.4
12302,45,Female,Chennai,12/11/2022,10/15/2022,Standard,879,29,1,75.04,20,Ads,Yes,25315.2
12303,24,Female,Chennai,8/13/2022,11/17/2023,Premium,1282,10,6,74.81,20,Organic,Yes,12563.6
12304,49,Female,Hyderabad,5/10/2023,2/10/2022,Basic,1304,18,3,34.92,0,Referral,No,23472
12305,28,Male,Pune,7/5/2021,10/27/2022,Basic,406,13,5,88.63,10,Referral,Yes,5237.4
12306,27,Male,Mumbai,5/6/2023,5/8/2023,Basic,920,27,1,93.97,5,Referral,No,24794
12307,26,Male,Hyderabad,9/10/2021,1/28/2022,Basic,1139,10,1,110.86,10,Organic,No,11276.1
12308,31,Male,Bangalore,1/13/2021,10/27/2021,Basic,1426,32,3,72.27,0,Organic,Yes,45632
12309,30,Female,Chennai,10/26/2021,5/11/2023,Premium,1464,3,0,94.63,15,Email,Yes,4172.4
12310,42,Female,Delhi,3/17/2021,3/26/2022,Standard,876,22,1,91.61,20,Referral,No,19096.8
12311,19,Male,Bangalore,2/20/2021,6/27/2023,Standard,1457,27,0,34.65,0,Email,No,39339
12312,52,Female,Pune,2/26/2023,9/28/2023,Standard,498,3,2,40.68,10,Ads,No,1444.2
12313,,Male,Bangalore,5/29/2021,2/10/2023,Premium,809,33,2,60.03,10,Ads,Yes,26616.1
12314,38,Other,Hyderabad,1/1/2023,8/27/2022,Standard,966,2,2,7.19,0,Referral,No,1932
12315,35,Male,Mumbai,5/2/2021,6/28/2022,Premium,378,11,1,39.2,5,Email,No,4139.1
12316,20,Male,Chennai,7/30/2021,12/29/2021,Basic,1193,10,1,59.5,10,Organic,No,11810.7
12317,59,Male,,10/7/2021,3/30/2023,Premium,811,33,1,17.43,5,Email,Yes,26722.45
12318,56,Male,Pune,6/22/2022,11/20/2022,Standard,549,7,1,19.52,5,Ads,No,3815.55
12319,58,Male,Delhi,11/16/2022,1/15/2023,Basic,1188,15,1,58.27,15,Email,No,17641.8
12320,28,Female,Bangalore,6/5/2021,1/16/2023,Standard,1323,26,0,89.06,0,Ads,No,34398
12321,56,Female,Delhi,8/26/2021,10/9/2021,Standard,898,11,2,100.88,0,Ads,No,9878
12322,41,Female,Mumbai,1/11/2022,4/25/2022,Basic,1052,27,3,67.83,5,Email,No,28351.4
12323,63,Male,Mumbai,3/23/2021,2/2/2023,Standard,899,7,2,59.6,15,Organic,No,6158.15
12324,36,Female,Delhi,5/7/2022,2/11/2022,Basic,1274,1,6,49.19,10,Ads,No,1146.6
12325,21,Male,Chennai,12/22/2021,9/22/2022,Basic,782,10,2,27.19,10,Email,Yes,7741.8
12326,43,Male,Mumbai,9/30/2021,12/13/2022,Premium,1135,21,7,21.85,0,Ads,No,23835
12327,55,Female,Delhi,8/3/2022,8/2/2021,Standard,471,15,0,96.07,5,Referral,No,7041.45
12328,59,Female,Bangalore,2/13/2021,4/7/2022,Premium,1168,30,2,58.48,15,Organic,Yes,34864.8
12329,49,Male,Delhi,7/27/2022,7/12/2022,Standard,316,30,2,95.89,15,Referral,No,9432.6
12330,56,Male,Delhi,5/3/2021,8/11/2023,Basic,693,8,4,85.97,10,Ads,No,5474.7
12331,62,Other,Hyderabad,12/15/2021,9/13/2021,Standard,533,24,2,27.3,10,Organic,No,12738.7
12332,63,Male,Mumbai,12/9/2022,2/7/2023,Standard,547,19,1,63.69,20,Email,No,10283.6
12333,53,Male,Chennai,11/26/2021,9/15/2023,Premium,351,3,1,56.06,20,Email,No,982.8
12334,,Female,Chennai,2/13/2022,6/15/2021,Basic,314,15,6,53.75,5,Organic,No,4694.3
12335,54,Male,Hyderabad,11/19/2021,4/18/2023,Premium,740,6,3,67.4,20,Referral,No,4292
12336,50,Male,Pune,4/21/2021,2/14/2022,Premium,1435,18,0,117.94,15,Referral,No,25614.75
12337,53,Male,Chennai,2/9/2023,5/24/2023,Standard,995,19,2,98.48,20,Organic,No,18706
12338,20,Female,Delhi,3/30/2021,7/17/2022,Premium,306,30,5,108.93,0,Email,Yes,9180
12339,26,Female,Hyderabad,3/9/2022,2/14/2022,Basic,1125,13,1,8.41,0,Organic,No,14625
12340,25,Female,Bangalore,12/11/2022,2/4/2023,Premium,1429,12,2,21.14,10,Referral,No,17005.1
12341,50,Other,Mumbai,3/5/2023,2/15/2022,Standard,1336,34,0,14.75,10,Ads,No,45290.4
12342,23,Female,Mumbai,12/13/2022,10/4/2023,Basic,1469,12,3,35.27,5,Email,No,17554.55
12343,58,Male,Mumbai,4/9/2021,4/2/2023,Premium,777,24,1,55.82,0,Organic,No,18648
12344,56,Male,Delhi,6/23/2022,7/15/2021,Standard,930,4,2,,5,Ads,Yes,3673.5
12345,21,Female,Bangalore,8/24/2022,8/22/2023,Standard,1014,14,2,62.6,5,Referral,Yes,14145.3
12346,30,Female,Hyderabad,5/26/2021,7/3/2023,Standard,414,17,3,108.87,20,Email,No,6955.2
12347,,Female,Hyderabad,11/25/2022,4/27/2022,Basic,808,3,3,113.08,10,Organic,No,2343.2
12348,,Female,Mumbai,9/14/2021,11/12/2021,Standard,1475,23,1,23.8,5,Referral,No,33851.25
12349,61,Male,Bangalore,7/8/2021,12/10/2021,Premium,356,13,1,103.08,5,Organic,No,4610.2
12350,44,Male,Bangalore,8/28/2021,11/3/2022,Basic,681,9,1,60.4,10,Organic,No,6060.9
12351,49,Male,Bangalore,5/21/2023,7/6/2022,Basic,1480,21,0,57.13,10,Email,No,30932
12352,38,Male,Chennai,6/18/2023,6/9/2022,Basic,1251,8,5,95.27,0,Referral,No,10008
12353,25,Male,Chennai,5/18/2022,8/4/2021,Basic,1456,17,2,15.71,10,Referral,No,24606.4
12354,,Female,Mumbai,12/9/2022,6/22/2022,Standard,1486,16,2,106.49,20,Ads,No,23478.8
12355,25,Female,Bangalore,3/20/2023,10/8/2022,Standard,574,16,2,82.15,0,Referral,No,9184
12356,20,Male,Pune,11/8/2022,8/3/2023,Premium,1400,28,2,105.66,5,Referral,No,39130
12357,61,Male,Bangalore,3/30/2023,4/24/2023,Standard,343,16,1,119.36,20,Email,No,5419.4
12358,20,Female,Hyderabad,9/28/2021,7/20/2022,Basic,1017,14,1,64.57,20,Ads,No,14034.6
12359,39,Male,Hyderabad,6/4/2022,8/3/2023,Premium,617,20,1,15.73,0,Email,No,12340
12360,23,Female,Mumbai,7/4/2022,7/31/2023,Standard,833,34,0,24.15,5,Referral,No,28280.35
12361,19,Female,Pune,4/24/2021,6/30/2021,Standard,1477,29,4,42.22,0,Ads,No,42833
12362,40,Female,Bangalore,12/5/2021,2/21/2022,Standard,536,3,3,16.91,15,Email,No,1527.6
12363,61,Female,Pune,7/22/2022,4/24/2022,Premium,1192,10,2,98.76,15,Ads,No,11741.2
12364,19,Female,Mumbai,12/25/2021,10/5/2022,Standard,816,20,5,39.14,0,Referral,No,16320
12365,55,Male,Hyderabad,10/12/2022,1/3/2022,Basic,337,2,4,117.23,5,Ads,No,657.15
12366,34,Male,Hyderabad,9/6/2022,4/16/2022,Standard,953,27,3,85.8,5,Ads,No,25683.35
12367,52,Male,Chennai,11/30/2021,7/4/2022,Basic,1046,32,3,24.94,10,Ads,Yes,33367.4
12368,51,Other,Mumbai,11/20/2022,11/8/2023,Basic,1140,10,2,59.74,20,Referral,No,11172
12369,40,Male,Mumbai,6/18/2021,9/13/2021,Basic,747,17,1,58.69,0,Referral,No,12699
12370,47,Male,Bangalore,12/5/2021,4/27/2023,Basic,983,33,4,61.64,20,Ads,No,32242.4
12371,,Female,Bangalore,3/9/2023,4/26/2022,Basic,424,6,3,66.6,20,Email,Yes,2459.2
12372,,Female,Chennai,9/18/2021,3/22/2023,Basic,1388,18,2,8.58,15,Email,Yes,24775.8
12373,61,Female,Delhi,6/6/2023,2/7/2023,Standard,1092,9,5,83.92,15,Referral,No,9664.2
12374,53,Male,,1/5/2023,7/17/2021,Premium,1083,8,3,61.03,0,Organic,No,8664
12375,22,Male,Delhi,7/18/2021,1/20/2023,Premium,525,25,1,95.96,0,Email,No,13125
12376,30,Male,Delhi,7/30/2021,8/30/2023,Basic,764,31,1,98.77,5,Ads,No,23645.8
12377,46,Male,Mumbai,10/14/2021,3/3/2023,Standard,942,4,3,31.51,0,Organic,Yes,3768
12378,48,Male,Pune,11/23/2022,7/10/2023,Premium,592,20,0,10.57,5,Referral,Yes,11810.4
12379,64,Male,Mumbai,2/1/2023,4/10/2022,Basic,1020,28,4,85.87,5,Email,Yes,28509
12380,33,Female,Pune,1/13/2023,10/25/2021,Standard,1055,1,1,117.44,0,Organic,No,1055
12381,59,Male,Hyderabad,4/17/2022,9/5/2022,Standard,465,23,1,56.37,5,Referral,No,10671.75
12382,47,Female,Mumbai,4/27/2022,1/5/2023,Basic,1068,13,2,34.86,20,Referral,No,13670.4
12383,33,Female,Mumbai,1/23/2021,9/29/2022,Premium,1306,16,3,23.02,5,Ads,No,20830.7
12384,29,Male,Mumbai,7/14/2022,3/14/2023,Premium,1170,26,2,38.06,20,Email,No,30186
12385,34,Female,Chennai,4/19/2021,7/15/2022,Basic,1375,31,2,,20,Organic,No,42350
12386,33,Male,Mumbai,10/23/2021,6/27/2021,Basic,866,1,2,53.75,20,Ads,No,692.8
12387,29,Male,Bangalore,1/6/2021,6/29/2021,Basic,1337,17,1,80.37,10,Email,No,22595.3
12388,25,Female,Bangalore,7/4/2022,2/26/2022,Basic,901,16,1,,10,Organic,No,14325.9
12389,37,Male,Pune,11/12/2022,4/17/2023,Standard,1412,10,3,10.86,5,Referral,Yes,14049.4
12390,20,Other,Hyderabad,5/18/2023,10/14/2022,Standard,1204,31,0,47.93,0,Referral,No,37324
12391,,Male,Chennai,3/6/2023,2/8/2022,Basic,340,10,2,103.4,5,Email,No,3383
12392,47,Female,Pune,7/22/2021,6/20/2022,Premium,1461,34,3,62.31,10,Ads,No,49527.9
12393,62,Male,Bangalore,11/21/2021,7/30/2021,Basic,1329,6,4,115.95,15,Organic,No,7774.65
12394,40,Male,Chennai,4/5/2023,9/15/2021,Basic,541,28,5,62.92,15,Organic,Yes,15066.85
12395,45,Male,Chennai,2/24/2023,1/6/2022,Basic,461,28,0,36.73,5,Referral,No,12884.95
12396,57,Female,Hyderabad,9/1/2021,8/15/2022,Standard,1318,13,2,,10,Email,No,17002.2
12397,22,Female,Chennai,11/23/2021,7/11/2023,Basic,991,12,2,84.87,20,Ads,No,11693.8
12398,37,Female,Mumbai,2/16/2021,10/31/2023,Basic,1108,2,1,66.68,10,Referral,No,2105.2
12399,57,Female,Chennai,1/31/2023,3/20/2023,Basic,1278,8,0,74.46,5,Referral,Yes,10160.1
12400,61,Female,Hyderabad,8/14/2022,12/16/2022,Premium,817,9,1,91.84,10,Ads,No,7271.3
12401,18,Female,Pune,9/14/2022,12/24/2022,Premium,1197,8,3,88.48,15,Organic,No,9396.45
12402,47,Female,Hyderabad,1/13/2021,11/28/2022,Basic,1082,3,1,9.99,20,Organic,No,3029.6
12403,38,Female,,1/15/2022,9/4/2021,Basic,1083,9,2,97.3,5,Email,No,9692.85
12404,37,Female,Bangalore,12/31/2021,8/28/2021,Standard,1479,13,0,66.26,5,Referral,No,19153.05
12405,23,Female,,8/25/2022,9/6/2023,Standard,384,9,2,50.05,0,Email,Yes,3456
12406,39,Male,Bangalore,12/8/2021,1/17/2022,Basic,1333,31,4,66.81,20,Organic,No,41056.4
12407,35,Female,Pune,5/10/2023,3/2/2022,Premium,437,25,1,75.43,5,Ads,No,10903.15
12408,25,Female,Delhi,3/3/2023,2/1/2022,Standard,1053,8,2,22.19,10,Organic,Yes,8318.7
12409,56,Male,Pune,8/9/2021,9/19/2021,Standard,1205,31,2,53,,Organic,No,37234.5
12410,49,Male,Mumbai,3/14/2021,1/20/2022,Standard,1012,31,1,43.59,10,Referral,No,31270.8
12411,50,Male,Chennai,1/16/2023,3/5/2022,Premium,455,17,4,45.3,10,Organic,No,7689.5
12412,33,Female,Hyderabad,2/11/2023,9/20/2022,Standard,707,19,1,15.5,5,Email,No,13397.65
12413,29,Female,Delhi,9/17/2022,7/22/2022,Basic,1086,3,1,23.38,15,Ads,No,3095.1
12414,55,Male,Mumbai,2/15/2021,4/9/2023,Basic,879,30,1,23.61,20,Referral,No,26194.2
12415,51,Female,Bangalore,5/19/2022,10/6/2021,Standard,853,10,3,47.92,10,Ads,Yes,8444.7
12416,31,Female,Hyderabad,10/1/2021,1/23/2022,Basic,695,29,3,107.87,5,Email,No,20120.25
12417,53,Male,Pune,7/9/2022,8/12/2023,Standard,1457,18,3,28.69,5,Email,Yes,26153.15
12418,50,Female,Bangalore,7/27/2021,2/9/2023,Premium,1109,12,4,52.86,10,Organic,No,13197.1
12419,40,Other,Mumbai,5/11/2023,10/6/2021,Standard,1261,23,2,40.84,0,Email,Yes,29003
12420,62,Female,Mumbai,9/7/2022,5/8/2023,Premium,841,11,3,,5,Organic,No,9208.95
12421,19,Female,Pune,5/4/2021,9/29/2023,Basic,1332,9,0,10.76,,Referral,No,11721.6
12422,58,Other,Delhi,1/10/2021,6/29/2022,Premium,1286,24,2,27.6,20,Ads,No,30606.8
12423,38,Female,Pune,11/25/2021,9/18/2022,Standard,469,25,1,29.22,0,Organic,No,11725
12424,19,Male,Chennai,7/6/2021,3/17/2023,Basic,589,25,1,119.19,5,Organic,Yes,14695.55
12425,44,Female,Bangalore,6/27/2022,6/30/2022,Standard,1491,9,0,,0,Referral,No,13419
12426,26,Female,Delhi,10/30/2022,9/19/2021,Basic,1468,12,1,20.98,5,Email,No,17542.6
12427,18,Female,Hyderabad,3/1/2021,8/29/2021,Standard,1039,11,2,36.3,5,Organic,Yes,11377.05
12428,28,Male,Chennai,1/31/2023,7/3/2023,Standard,887,28,4,,0,Email,Yes,24836
12429,20,Female,Delhi,6/18/2023,3/7/2022,Basic,1034,8,5,,15,Organic,No,8116.9
12430,40,Male,Bangalore,6/5/2023,4/29/2022,Standard,756,10,1,96.68,10,Email,No,7484.4
12431,43,Female,,2/21/2023,1/10/2022,Standard,1000,25,2,62.01,10,Organic,Yes,24900
12432,21,Male,Hyderabad,3/18/2022,9/9/2021,Basic,1278,9,2,77.59,10,Ads,Yes,11374.2
12433,35,Male,Pune,8/5/2021,10/10/2021,Basic,345,8,2,43.09,0,Ads,No,2760
12434,23,Male,,1/2/2021,6/13/2021,Basic,1340,3,0,68.67,5,Ads,No,3953
12435,52,Male,Chennai,6/20/2022,8/31/2022,Standard,1446,18,3,34.62,5,Organic,No,25955.7
12436,39,Female,Chennai,12/19/2022,8/15/2022,Premium,530,35,2,40.42,20,Email,Yes,18444
12437,60,Female,Mumbai,4/12/2023,9/6/2021,Premium,1249,17,1,,5,Referral,No,21170.55
12438,32,Female,Mumbai,12/12/2022,9/28/2021,Standard,936,28,4,22.29,15,Referral,No,26067.6
12439,39,Male,Hyderabad,12/22/2021,3/20/2022,Standard,411,15,0,75.98,,Referral,No,6123.9
12440,54,Male,Pune,9/18/2022,8/25/2023,Basic,892,19,4,103.01,15,Ads,No,16814.2
12441,59,Female,Hyderabad,3/3/2023,5/12/2023,Standard,1158,22,4,18.85,10,Ads,Yes,25360.2
12442,29,Female,Mumbai,10/29/2022,6/1/2021,Basic,690,6,1,108.21,0,Ads,No,4140
12443,64,Male,Mumbai,6/14/2021,12/24/2022,Basic,691,7,1,14.14,15,Email,No,4733.35
12444,59,Female,Chennai,1/4/2023,2/5/2022,Standard,627,9,1,45.12,5,Ads,No,5611.65
12445,55,Male,Mumbai,4/1/2021,3/14/2023,Basic,1046,20,4,75.21,10,Email,No,20815.4
12446,35,Female,Delhi,6/16/2021,10/27/2021,Standard,666,11,0,69.33,20,Email,No,7192.8
12447,62,Female,Bangalore,7/26/2021,6/30/2022,Premium,381,2,2,16.08,15,Email,No,704.85
12448,52,Male,Mumbai,10/9/2021,7/14/2021,Basic,1105,22,2,96.88,0,Organic,No,24310
12449,47,Male,Hyderabad,3/6/2021,10/31/2023,Basic,1121,5,2,116.91,20,Referral,No,5380.8
12450,41,Female,Pune,6/7/2023,4/29/2023,Premium,1399,7,4,25.84,,Email,No,9793
12451,59,Male,Pune,5/31/2022,2/10/2023,Standard,1251,6,4,107.94,10,Referral,No,7380.9
12452,47,Male,Pune,6/6/2021,7/14/2021,Basic,671,22,4,69.03,15,Email,No,14661.35
12453,31,Female,Delhi,1/31/2023,8/17/2021,Basic,563,10,2,112.63,0,Email,No,5630
12454,23,Male,Hyderabad,2/8/2023,1/12/2022,Standard,409,20,4,25.25,20,Ads,No,8098.2
12455,20,Male,Delhi,1/17/2023,11/9/2021,Standard,606,28,3,96.08,20,Referral,No,16846.8
12456,33,Female,Mumbai,11/2/2021,8/2/2023,Basic,525,23,2,11.87,5,Email,No,12048.75
12457,24,Female,Bangalore,5/28/2023,2/8/2022,Basic,484,35,4,106.57,0,Referral,No,16940
12458,,Female,Pune,1/30/2022,10/10/2021,Premium,1263,1,2,82.53,15,Ads,No,1073.55
12459,26,Female,Hyderabad,3/15/2021,8/22/2022,Standard,330,29,2,47.58,15,Email,Yes,9520.5
12460,32,Female,Pune,7/6/2021,11/1/2023,Premium,913,9,1,26.9,5,Ads,No,8171.35
12461,38,Female,Delhi,7/28/2022,11/4/2023,Standard,398,9,2,98.9,20,Email,No,3502.4
12462,52,Male,Chennai,12/3/2021,9/17/2022,Premium,1110,22,0,74.37,0,Ads,No,24420
12463,19,Female,Mumbai,11/7/2022,3/18/2023,Basic,951,2,2,46.45,,Ads,No,1711.8
12464,44,Other,Bangalore,7/22/2022,7/18/2023,Standard,1113,16,1,56.04,0,Organic,No,17808
12465,19,Male,Mumbai,9/15/2022,9/17/2021,Basic,1319,6,1,100.05,0,Email,No,7914
12466,52,Male,Chennai,12/31/2022,5/7/2023,Standard,1277,13,3,43.98,0,Email,No,16601
12467,35,Female,Bangalore,8/28/2021,7/5/2021,Standard,387,33,3,15.31,20,Email,No,12693.6
12468,31,Male,Chennai,6/17/2022,9/10/2022,Basic,1386,19,2,109.8,20,Referral,No,26056.8
12469,37,Male,Mumbai,5/21/2021,3/2/2022,Premium,1221,15,3,49.54,20,Organic,Yes,18070.8
12470,,Female,Delhi,9/22/2021,12/4/2021,Premium,885,33,2,45.06,10,Referral,Yes,29116.5
12471,27,Other,Mumbai,5/19/2021,1/29/2022,Basic,1117,10,2,28.51,20,Email,No,10946.6
12472,42,Male,Mumbai,4/4/2022,2/19/2022,Standard,1231,1,1,108.2,5,Organic,No,1169.45
12473,19,Male,Mumbai,3/11/2021,11/4/2022,Basic,1096,12,2,30.01,10,Ads,No,13042.4
12474,42,Male,Hyderabad,1/20/2022,4/9/2023,Basic,1318,29,0,78.22,0,Organic,No,38222
12475,50,Female,Chennai,9/22/2022,11/23/2022,Premium,1312,17,1,106.29,15,Ads,No,22107.2
12476,53,Male,Chennai,7/17/2021,7/23/2023,Basic,1272,4,2,9.02,10,Email,No,4960.8
12477,48,Male,Pune,7/24/2021,8/26/2021,Premium,932,29,1,100.31,10,Email,No,26934.8
12478,31,Male,Chennai,12/27/2022,11/17/2022,Basic,645,7,1,52.22,0,Ads,Yes,4515
12479,18,Male,Pune,7/22/2022,12/27/2021,Standard,1023,13,3,80.67,20,Organic,No,13094.4
12480,63,Female,Hyderabad,3/10/2023,7/16/2021,Standard,1200,5,3,47.83,20,Referral,No,5760
12481,,Female,Delhi,3/16/2023,9/10/2022,Basic,1401,6,3,84.98,10,Organic,No,8265.9
12482,63,Female,Pune,11/18/2022,11/22/2022,Basic,1337,34,2,34.24,20,Ads,No,45190.6
12483,20,Female,Mumbai,5/9/2023,6/26/2021,Premium,435,7,4,7.52,10,Ads,No,3001.5
12484,52,Male,Delhi,6/1/2023,2/21/2022,Standard,696,28,2,114,15,Referral,No,19383.6
12485,58,Female,Hyderabad,10/2/2022,11/22/2021,Basic,1091,10,2,6.88,15,Referral,No,10746.35
12486,23,Female,Chennai,3/7/2022,10/29/2022,Standard,378,4,1,99.77,0,Referral,No,1512
12487,42,Male,Pune,6/9/2023,4/7/2022,Basic,1004,3,1,24.45,5,Ads,No,2961.8
12488,30,Female,Mumbai,11/21/2021,4/18/2022,Basic,1281,25,1,50.11,5,Email,No,31960.95
12489,51,Male,,3/18/2022,12/31/2022,Standard,1374,23,1,99.59,20,Organic,No,31327.2
12490,25,Female,Bangalore,3/15/2023,10/13/2021,Basic,1043,27,1,28.68,5,Referral,No,28108.85
12491,38,Male,Delhi,10/15/2021,7/25/2021,Premium,683,14,3,104.56,15,Ads,Yes,9459.55
12492,51,Other,Chennai,8/14/2021,11/25/2022,Standard,674,32,2,62.24,0,Organic,Yes,21568
12493,21,Male,Bangalore,3/5/2021,1/7/2023,Premium,505,23,0,47.11,15,Referral,Yes,11539.25
12494,42,Female,Delhi,7/14/2022,11/13/2022,Standard,788,3,2,81.18,10,Email,No,2285.2
12495,32,Female,Hyderabad,12/15/2022,11/3/2021,Premium,1180,35,1,44.26,20,Organic,Yes,41064
12496,21,Female,Delhi,5/13/2022,9/27/2023,Standard,931,13,2,44.94,20,Organic,Yes,11916.8
12497,62,Male,Delhi,4/29/2023,3/30/2023,Standard,891,34,2,89.36,5,Ads,No,30249.45
12498,29,Female,Delhi,3/1/2021,10/25/2021,Premium,1365,24,4,40.63,10,Ads,No,32623.5
12499,49,Female,Mumbai,2/1/2022,9/28/2022,Standard,832,1,5,28.09,5,Ads,No,790.4
12500,49,Male,Delhi,9/14/2021,1/20/2023,Basic,821,12,1,97.88,5,Email,Yes,9810.95
10060,53,Female,Chennai,1/29/2023,10/17/2021,Standard,476,32,2,119.63,10,Ads,No,15184.4
10498,29,Male,Bangalore,11/24/2022,2/23/2022,Standard,1466,23,2,56.06,10,Email,No,33571.4
10716,19,Male,Bangalore,12/13/2022,5/25/2022,Basic,709,26,3,30.02,20,Organic,No,18292.2
11905,21,Male,Chennai,3/22/2022,7/1/2021,Standard,975,25,1,,0,Organic,No,24375
11824,41,Male,Hyderabad,9/10/2021,10/15/2021,Basic,991,30,2,105.48,10,Organic,No,29630.9
12034,37,Male,Hyderabad,7/28/2021,4/4/2022,Standard,918,26,3,113.01,10,Email,No,23776.2
11246,36,Female,Mumbai,9/24/2022,5/28/2022,Basic,373,22,2,96.47,20,Referral,No,8131.4
10286,37,Female,Hyderabad,5/30/2023,1/27/2022,Standard,408,26,3,15.07,5,Email,No,10587.6
11115,53,Female,Pune,8/28/2022,9/26/2023,Standard,1214,3,1,96.3,0,Organic,Yes,3642
10104,34,Other,Bangalore,7/29/2021,3/9/2023,Standard,1146,4,4,99.29,10,Organic,Yes,4469.4
10076,32,Female,Pune,10/15/2022,12/21/2021,Premium,1016,2,1,67.11,5,Referral,No,1981.2
11958,58,Female,Bangalore,3/29/2021,9/9/2022,Standard,558,23,3,97.31,15,Ads,No,12750.3
11172,38,Male,Pune,8/6/2022,12/22/2021,Premium,888,24,1,105.72,0,Referral,Yes,21312
12249,59,Male,Mumbai,12/31/2021,8/15/2021,Standard,1343,35,1,92.33,0,Email,No,47005
11676,48,Other,Hyderabad,6/9/2023,2/23/2022,Basic,320,10,3,19.43,,Ads,No,3200
11716,21,Male,Mumbai,4/30/2023,1/14/2023,Standard,388,32,2,72.44,15,Email,Yes,12357.8
11423,,Male,Bangalore,1/24/2021,7/18/2023,Premium,508,28,1,59.92,0,Organic,No,14224
10312,39,Female,Bangalore,3/1/2021,8/25/2022,Basic,508,34,3,79.3,10,Email,No,17221.2
11500,32,Female,Chennai,9/30/2022,3/13/2023,Standard,581,8,1,104.34,20,Referral,No,4531.8
10825,48,Female,Pune,4/4/2023,8/9/2023,Basic,909,17,4,23.33,20,Referral,Yes,15271.2
10049,,Male,Pune,10/8/2022,3/5/2023,Basic,605,2,0,41.33,0,Organic,No,1210
11130,43,Female,Mumbai,10/15/2022,6/1/2021,Standard,1302,15,3,29.52,15,Email,No,19334.7
11170,57,Female,Chennai,7/27/2022,11/13/2022,Standard,773,25,2,84.03,,Email,No,19247.7
10715,42,Male,Hyderabad,7/2/2021,11/24/2022,Basic,1499,25,2,106.29,20,Email,No,37175.2
12295,50,Female,Mumbai,8/27/2022,2/15/2022,Standard,363,6,1,106.6,15,Ads,No,2123.55
10587,62,Male,Chennai,4/26/2021,8/29/2023,Basic,913,15,3,44.36,15,Ads,No,13558.05
12179,20,Male,Mumbai,10/21/2021,3/4/2022,Premium,1142,31,7,40.78,,Email,No,35287.8
11090,39,Female,Hyderabad,8/28/2021,10/28/2023,Basic,890,9,2,113.89,5,Ads,Yes,7965.5
10206,19,Female,,12/13/2021,2/9/2023,Standard,1004,7,3,28.57,20,Referral,No,6827.2
12235,,Female,Pune,5/25/2023,6/27/2023,Premium,647,25,4,71.98,0,Referral,No,16175
11686,49,Female,Delhi,5/12/2023,9/17/2022,Basic,1268,21,3,100.05,20,Organic,No,26374.4
10012,41,Male,Delhi,1/2/2022,8/18/2023,Standard,745,1,4,87.45,20,Email,No,596
10710,52,Male,Delhi,12/15/2021,11/10/2021,Standard,603,25,1,13.89,15,Organic,No,14984.55
10213,18,Male,Mumbai,4/25/2021,2/9/2023,Premium,1226,18,3,62.37,5,Organic,Yes,22006.7
11613,29,Male,,3/18/2023,9/2/2023,Basic,1101,28,4,19.63,,Ads,Yes,30607.8
12247,48,Male,Mumbai,1/17/2023,1/17/2023,Premium,1031,29,3,34.93,10,Referral,Yes,29795.9
10684,33,Female,Bangalore,9/27/2022,2/21/2022,Basic,754,18,1,80.33,0,Ads,No,13572
10093,62,Male,Pune,1/12/2023,7/20/2022,Standard,1060,12,6,88.63,10,Referral,No,12614
12107,44,Male,Delhi,11/29/2022,9/4/2023,Basic,1097,7,2,30.26,15,Ads,Yes,7514.45
10893,35,Male,Chennai,5/30/2023,5/11/2023,Basic,334,33,2,54.37,20,Referral,No,10955.2
12188,42,Male,Mumbai,2/23/2021,2/1/2022,Standard,765,21,4,57.91,0,Ads,No,16065
11378,,Female,Pune,3/26/2023,9/9/2023,Standard,703,6,5,83.99,15,Email,No,4112.55
11739,64,Male,,10/2/2021,1/30/2022,Basic,409,7,4,84.74,5,Organic,No,2842.55
12175,27,Male,Mumbai,8/17/2021,6/26/2023,Basic,445,9,4,53.89,5,Organic,Yes,3982.75
12207,33,Female,Chennai,4/8/2022,8/8/2021,Basic,1088,34,3,90.65,5,Organic,Yes,36937.6
11947,38,Female,Hyderabad,1/16/2023,9/27/2023,Premium,412,8,1,48.33,0,Referral,Yes,3296
11521,49,Female,Hyderabad,8/1/2022,11/27/2021,Standard,591,32,1,45.67,20,Ads,Yes,18793.8
11390,52,Female,Hyderabad,10/28/2022,9/19/2022,Premium,751,29,2,102.89,10,Email,Yes,21703.9
11773,64,Male,Delhi,11/12/2022,5/15/2023,Premium,814,21,2,114.72,5,Ads,Yes,17053.3
11696,62,Male,Hyderabad,1/1/2021,11/27/2021,Standard,1032,33,3,42.66,0,Organic,No,34056
11853,49,Male,Chennai,2/16/2021,4/7/2022,Premium,572,23,2,102.07,10,Organic,Yes,13098.8
10448,56,Female,Pune,5/17/2023,8/24/2021,Standard,336,23,0,107.17,15,Ads,No,7677.6
10622,39,Female,,5/21/2023,8/6/2021,Standard,948,35,3,7.41,0,Referral,No,33180
11576,43,Male,Hyderabad,3/30/2023,11/22/2021,Basic,986,7,2,47.73,0,Referral,No,6902
11582,64,Male,Chennai,3/3/2021,7/8/2022,Standard,629,4,0,27.68,15,Ads,No,2421.65
11315,61,Male,Bangalore,11/17/2021,10/15/2022,Basic,1194,17,1,78.57,20,Organic,No,20059.2
10645,25,Female,Pune,1/15/2022,11/3/2023,Basic,1016,18,2,9.21,,Email,No,18288
12103,25,Female,Chennai,1/21/2022,8/14/2022,Premium,801,20,1,11.67,20,Organic,No,15859.8
10615,,Female,Pune,3/17/2022,10/7/2023,Premium,692,22,0,34.42,0,Ads,No,15224
11774,33,Male,Pune,3/10/2023,9/1/2021,Premium,1043,19,2,28.31,20,Email,No,19608.4
